type,name,iata_code,iso_country,municipality,latitude_deg,longitude_deg
medium_airport,Anaa Airport,AAA,PF,Anaa,-17.3526,-145.509995
large_airport,El Arish International Airport,AAC,EG,El Arish,31.055324,33.827964
large_airport,Annaba Rabah Bitat Airport,AAE,DZ,Annaba,36.826781,7.81334
large_airport,Aalborg Airport,AAL,DK,Aalborg,57.094763,9.84993
large_airport,Al Ain International Airport,AAN,AE,Al Ain,24.2617,55.6092
medium_airport,Aji Pangeran Tumenggung Pranoto International Airport,AAP,ID,Samarinda,-0.374478,117.250128
medium_airport,Anapa Vityazevo Airport,AAQ,RU,Krasnyi Kurgan,45.002102,37.347301
large_airport,Aarhus Airport,AAR,DK,Aarhus,56.303331,10.618286
medium_airport,Altay Xuedu Airport,AAT,CN,Altay,47.749886,88.085808
medium_airport,Romeu Zema Airport,AAX,BR,Araxá,-19.5632,-46.9604
medium_airport,Al Ghaydah International Airport,AAY,YE,Al Ghaydah,16.193341,52.174186
large_airport,Abakan International Airport,ABA,RU,Abakan,53.740002,91.385002
large_airport,Asaba International Airport,ABB,NG,Asaba,6.204167,6.665278
large_airport,Abadan Ayatollah Jami International Airport,ABD,IR,Abadan,30.367887,48.230075
medium_airport,Lehigh Valley International Airport,ABE,US,Allentown/Bethlehem,40.651773,-75.442797
medium_airport,Abilene Regional Airport,ABI,US,Abilene,32.4113006592,-99.6819000244
large_airport,Félix-Houphouët-Boigny International Airport,ABJ,CI,Abidjan,5.26139,-3.92629
medium_airport,Kebri Dahar Airport,ABK,ET,Kebri Dahar,6.732577,44.241339
medium_airport,Ambler Airport,ABL,US,Ambler,67.105529,-157.855339
large_airport,Albuquerque International Sunport,ABQ,US,Albuquerque,35.039976,-106.608925
medium_airport,Aberdeen Regional Airport,ABR,US,Aberdeen,45.449100494384766,-98.42179870605467
medium_airport,Abu Simbel Airport,ABS,EG,Abu Simbel,22.375924,31.611734
medium_airport,King Saud Bin Abdulaziz (Al Baha) Airport,ABT,SA,Al-Baha,20.298506,41.636153
large_airport,Nnamdi Azikiwe International Airport,ABV,NG,Abuja,9.00679,7.26317
medium_airport,Albury Airport,ABX,AU,East Albury,-36.066758,146.959148
medium_airport,Southwest Georgia Regional Airport,ABY,US,Albany,31.532946,-84.196215
large_airport,Aberdeen International Airport,ABZ,GB,Aberdeen,57.2019,-2.19778
large_airport,General Juan N. Álvarez International Airport,ACA,MX,Acapulco,16.757126,-99.753113
large_airport,Kotoka International Airport,ACC,GH,Accra,5.605189800262451,-0.1667860001325607
large_airport,César Manrique-Lanzarote Airport,ACE,ES,San Bartolomé,28.945499,-13.6052
medium_airport,Sankt Gallen Altenrhein Airport,ACH,CH,St. Gallen,47.485001,9.56077
medium_airport,Alderney Airport,ACI,GG,Saint Anne,49.706104,-2.21472
medium_airport,Nantucket Memorial Airport,ACK,US,Nantucket,41.25310135,-70.06020355
medium_airport,Waco Regional Airport,ACT,US,Waco,31.611299514770508,-97.23049926757812
medium_airport,California Redwood Coast-Humboldt County Airport,ACV,US,Arcata/Eureka,40.978101,-124.109
medium_airport,Xingyi Wanfenglin Airport,ACX,CN,Xingyi,25.083423,104.960804
medium_airport,Atlantic City International Airport,ACY,US,Atlantic City,39.456201,-74.577511
large_airport,Adana Şakirpaşa Airport,ADA,TR,Seyhan,36.982201,35.280399
large_airport,Adnan Menderes International Airport,ADB,TR,Gaziemir,38.2924,27.157
large_airport,Addis Ababa Bole International Airport,ADD,ET,Addis Ababa,8.97789,38.799301
large_airport,Aden International Airport,ADE,YE,Aden,12.829564,45.029976
medium_airport,Adıyaman Airport,ADF,TR,Adıyaman,37.7314,38.468899
large_airport,Marka International (Amman Civil) Airport,ADJ,JO,Amman,31.9727,35.9916
medium_airport,Adak Airport,ADK,US,Adak,51.883564,-176.642783
large_airport,Adelaide International Airport,ADL,AU,Adelaide,-34.947512,138.533393
medium_airport,Kodiak Airport,ADQ,US,Kodiak,57.75,-152.4940033
medium_airport,Ardabil Airport,ADU,IR,Ardabil,38.3256988525,48.4244003296
large_airport,Gustavo Rojas Pinilla International Airport,ADZ,CO,San Andrés,12.5836,-81.7112
medium_airport,Baise (Bose) Bama Airport,AEB,CN,Baise (Tianyang),23.7206,106.959999
medium_airport,Abeche Airport,AEH,TD,Abeche,13.847,20.844299
large_airport,Aeroparque Jorge Newbery,AEP,AR,Buenos Aires,-34.559419,-58.415536
large_airport,Sochi International Airport,AER,RU,Sochi,43.449902,39.9566
large_airport,Ålesund Airport,AES,NO,Ålesund,62.560443,6.110845
medium_airport,Abu Musa Island Airport,AEU,IR,Abu Musa,25.8757,55.033001
medium_airport,Alexandria International Airport,AEX,US,Alexandria,31.325828,-92.546702
large_airport,Akureyri International Airport,AEY,IS,Akureyri,65.656573,-18.072018
medium_airport,Suboficial Ay Santiago Germano Airport,AFA,AR,San Rafael,-34.588299,-68.4039
medium_airport,Piloto Osvaldo Marques Dias Airport,AFL,BR,Alta Floresta,-9.866389,-56.106298
medium_airport,Sabzevar National Airport,AFZ,IR,Sabzevar,36.16809844970703,57.59519958496094
large_airport,Al Massira Airport,AGA,MA,Agadir (Temsia),30.322478,-9.412003
medium_airport,Ängelholm-Helsingborg Airport,AGH,SE,Ängelholm,56.29610061645508,12.847100257873535
large_airport,Málaga-Costa del Sol Airport,AGP,ES,Málaga,36.6749,-4.49911
medium_airport,Agra Airport / Agra Air Force Station,AGR,IN,Agra,27.157975,77.961025
medium_airport,Augusta Regional At Bush Field,AGS,US,Augusta,33.3699,-81.9645
large_airport,Guaraní International Airport,AGT,PY,Ciudad del Este,-25.457186,-54.839544
large_airport,Aguascalientes International Airport,AGU,MX,Aguascalientes,21.699589,-102.318372
medium_airport,Agatti Airport,AGX,IN,Agatti,10.8237,72.176003
medium_airport,Maa Mahamaya Airport,AHA,IN,Ambikapur,22.98753,83.19612
large_airport,Abha International Airport,AHB,SA,Abha,18.2404,42.656601
medium_airport,Ahe Airport,AHE,PF,Ahe Atoll,-14.428099632263184,-146.2570037841797
medium_airport,Alghero-Fertilia Airport,AHO,IT,Alghero,40.632099,8.29077
medium_airport,Alliance Municipal Airport,AIA,US,Alliance,42.052543,-102.803965
medium_airport,Wainwright Airport,AIN,US,Wainwright,70.638,-159.994995
medium_airport,Ajaccio Napoléon Bonaparte airport,AJA,FR,Ajaccio,41.923599,8.80292
large_airport,Al-Jawf International Airport,AJF,SA,Al-Jawf,29.783301,40.100905
medium_airport,Ağrı Airport,AJI,TR,Ağrı,39.655642,43.025742
medium_airport,Lengpui Airport,AJL,IN,Aizawl (Lengpui),23.840599,92.619698
medium_airport,Ouani Airport,AJN,KM,Ouani,-12.131047,44.430044
medium_airport,Arvidsjaur Airport,AJR,SE,Arvidsjaur,65.59030151367188,19.28190040588379
medium_airport,Aracaju - Santa Maria Airport,AJU,BR,Aracaju,-10.98394,-37.072873
medium_airport,Kufra Airport,AKF,LY,Kufra,24.178699493408203,23.31399917602539
medium_airport,Asahikawa Airport,AKJ,JP,Higashikagura,43.670799,142.447006
large_airport,Auckland International Airport,AKL,NZ,Auckland,-37.01199,174.786331
medium_airport,King Salmon Airport,AKN,US,King Salmon,58.677845,-156.651965
medium_airport,Anaktuvuk Pass Airport,AKP,US,Anaktuvuk Pass,68.133598,-151.742996
medium_airport,Akure Airport,AKR,NG,Akure,7.246739864349365,5.3010101318359375
medium_airport,Aksu Hongqipo Airport,AKU,CN,Aksu (Onsu),41.262501,80.291702
large_airport,Aktobe International Airport,AKX,KZ,Aktobe,50.248116,57.204144
medium_airport,Sittwe Airport,AKY,MM,Sittwe,20.133165,92.870693
large_airport,Almaty International Airport,ALA,KZ,Almaty,43.354267,77.042828
large_airport,Albany International Airport,ALB,US,Albany,42.748299,-73.801697
large_airport,Alicante-Elche Miguel Hernández Airport,ALC,ES,Alicante,38.2822,-0.558156
medium_airport,Alta Airport,ALF,NO,Alta,69.976097,23.3717
large_airport,Houari Boumediene Airport,ALG,DZ,Algiers,36.693886,3.214531
medium_airport,Albany Airport,ALH,AU,Albany,-34.943333,117.808889
medium_airport,Waterloo Regional Airport,ALO,US,Waterloo,42.55709838867188,-92.40029907226562
large_airport,Aleppo International Airport,ALP,SY,Aleppo,36.181262,37.226869
medium_airport,San Luis Valley Regional Airport/Bergman Field,ALS,US,Alamosa,37.434898,-105.866997
medium_airport,Walla Walla Regional Airport,ALW,US,Walla Walla,46.09489822,-118.288002
medium_airport,Rick Husband Amarillo International Airport,AMA,US,Amarillo,35.217857,-101.706444
large_airport,Sardar Vallabh Patel International Airport,AMD,IN,Ahmedabad,23.0772,72.634697
medium_airport,Arba Minch Airport,AMH,ET,Arba Minch,6.03939,37.5905
large_airport,Queen Alia International Airport,AMM,JO,Amman,31.7226009369,35.9931983948
large_airport,Pattimura International Airport,AMQ,ID,Ambon,-3.71026,128.089005
large_airport,Amsterdam Airport Schiphol,AMS,NL,Amsterdam,52.308601,4.76389
medium_airport,Amderma Airport,AMV,RU,Amderma,69.76329803466797,61.556400299072266
large_airport,Ted Stevens Anchorage International Airport,ANC,US,Anchorage,61.179004,-149.992561
large_airport,Andrés Sabella Gálvez International Airport,ANF,CL,Antofagasta,-23.445274,-70.445232
medium_airport,Aniak Airport,ANI,US,Aniak,61.58160018920898,-159.54299926757812
medium_airport,Antwerp International Airport (Deurne),ANR,BE,Antwerp,51.190667,4.463153
large_airport,V. C. Bird International Airport,ANU,AG,Osbourn,17.1367,-61.792702
medium_airport,Anvik Airport,ANV,US,Anvik,62.646702,-160.190994
medium_airport,"Andøya Airport, Andenes",ANX,NO,Andenes,69.295193,16.139379
large_airport,Hasan Polatkan Airport,AOE,TR,Eskişehir,39.811644,30.519268
medium_airport,Anshan Teng'ao Airport / Anshan Air Base,AOG,CN,Anshan,41.105301,122.853996
medium_airport,Marche Airport,AOI,IT,Falconara Marittima (AN),43.616299,13.3623
large_airport,Aomori Airport,AOJ,JP,Aomori,40.733777,140.689477
medium_airport,Karpathos Airport,AOK,GR,Karpathos Island,35.421398,27.146
medium_airport,Altoona Blair County Airport,AOO,US,Altoona,40.296398,-78.32
medium_airport,Sultan Abdul Halim Airport,AOR,MY,Alor Satar,6.189670085906982,100.39800262451172
large_airport,Nampula Airport,APL,MZ,Nampula,-15.1056,39.281799
medium_airport,Alpena County Regional Airport,APN,US,Alpena,45.0780983,-83.56030273
medium_airport,Antonio Roldán Betancur Airport,APO,CO,Carepa,7.81196,-76.7164
large_airport,Faleolo International Airport,APW,WS,Apia,-13.83,-172.007996
medium_airport,Araraquara Airport,AQA,BR,Araraquara,-21.812,-48.132999
medium_airport,Anqing Tianzhushan Airport / Anqing North Air Base,AQG,CN,Anqing,30.582199,117.050003
large_airport,Qaisumah–Hafar Al-Batin International Airport,AQI,SA,Qaisumah,28.335726,46.127108
large_airport,King Hussein International Airport,AQJ,JO,Aqaba,29.611601,35.018101
large_airport,Rodríguez Ballón International Airport,AQP,PE,Arequipa,-16.340786,-71.569485
medium_airport,Arctic Village Airport,ARC,US,Arctic Village,68.1147,-145.578995
medium_airport,Talagi Airport,ARH,RU,Archangelsk,64.60030364990234,40.71670150756836
medium_airport,Chacalluta International Airport,ARI,CL,Arica,-18.348499,-70.338699
medium_airport,Arusha Airport,ARK,TZ,Arusha,-3.3677899837493896,36.63330078125
medium_airport,Armidale Airport,ARM,AU,Armidale,-30.5280990601,151.617004395
large_airport,Stockholm-Arlanda Airport,ARN,SE,Stockholm,59.64849,17.928829
medium_airport,Watertown International Airport,ART,US,Watertown,43.991901,-76.021698
medium_airport,Araçatuba Airport,ARU,BR,Araçatuba,-21.141479,-50.424575
medium_airport,Arad International Airport,ARW,RO,Arad,46.176136,21.264322
large_airport,Ashgabat International Airport,ASB,TM,Ashgabat,37.986801,58.361
medium_airport,Andros Town Airport,ASD,BS,Andros Town,24.697901,-77.795601
medium_airport,Aspen-Pitkin County Airport (Sardy Field),ASE,US,Aspen,39.223202,-106.869003
large_airport,Astrakhan Narimanovo Boris M. Kustodiev International Airport,ASF,RU,Astrakhan,46.282843,48.010511
medium_airport,RAF Ascension Island,ASI,SH,Cat Hill,-7.970179,-14.392744
medium_airport,Amami Airport,ASJ,JP,Amami,28.430599212646484,129.71299743652344
medium_airport,Asmara International Airport,ASM,ER,Asmara,15.2919,38.910702
medium_airport,Asosa Airport,ASO,ET,Asosa,10.018500328063965,34.586299896240234
medium_airport,Alice Springs Airport,ASP,AU,Alice Springs,-23.806588,133.903427
large_airport,Kayseri Erkilet International Airport,ASR,TR,Kayseri,38.770401,35.495399
large_airport,Silvio Pettirossi International Airport,ASU,PY,Asunción,-25.240156,-57.519227
medium_airport,Amboseli Airport,ASV,KE,Ol Tukai,-2.644786,37.252922
large_airport,Aswan International Airport,ASW,EG,Aswan,23.961075,32.820382
medium_airport,Arthur's Town Airport,ATC,BS,Arthur's Town,24.6294,-75.673797
large_airport,Athens Eleftherios Venizelos International Airport,ATH,GR,Spata-Artemida,37.936401,23.9445
medium_airport,Atqasuk Edward Burnell Sr Memorial Airport,ATK,US,Atqasuk,70.46704,-157.436013
large_airport,Hartsfield Jackson Atlanta International Airport,ATL,US,Atlanta,33.6367,-84.428101
medium_airport,Altamira Interstate Airport,ATM,BR,Altamira,-3.253144,-52.253938
large_airport,Sri Guru Ram Das Ji International Airport,ATQ,IN,Amritsar,31.7096,74.797302
medium_airport,Appleton International Airport,ATW,US,Appleton,44.258515,-88.519
medium_airport,Watertown Regional Airport,ATY,US,Watertown,44.91400146,-97.15470123
large_airport,Asyut International Airport,ATZ,EG,Asyut,27.045962,31.01276
large_airport,Queen Beatrix International Airport,AUA,AW,Oranjestad,12.501056,-70.014281
medium_airport,Santiago Perez Airport,AUC,CO,Arauca,7.06888,-70.7369
medium_airport,Augusta State Airport,AUG,US,Augusta,44.3205986023,-69.7973022461
large_airport,Zayed International Airport,AUH,AE,Abu Dhabi,24.440966,54.649237
medium_airport,Hiva Oa-Atuona Airport,AUQ,PF,Hiva Oa Island,-9.76879024506,-139.011001587
medium_airport,Aurillac airport,AUR,FR,Aurillac,44.891399,2.42194
large_airport,Austin Bergstrom International Airport,AUS,US,Austin,30.197535,-97.662015
medium_airport,Araguaína Airport,AUX,BR,Araguaína,-7.22787,-48.240501
medium_airport,Anshun Huangguoshu Airport,AVA,CN,Anshun (Xixiu),26.260556,105.873333
medium_airport,Arvaikheer Airport,AVK,MN,Arvaikheer,46.250301361083984,102.802001953125
medium_airport,Asheville Regional Airport,AVL,US,Asheville,35.435488,-82.541853
medium_airport,Avignon Caumont airport,AVN,FR,Avignon,43.907299,4.90183
medium_airport,Wilkes-Barre/Scranton International Airport,AVP,US,Wilkes-Barre/Scranton,41.337064,-75.724232
large_airport,Melbourne Avalon International Airport,AVV,AU,Geelong/Melbourne,-38.040269,144.467196
large_airport,Hawassa International Airport,AWA,ET,Hawassa,7.100611,38.396455
medium_airport,Wake Island Airfield,AWK,UM,Wake Island,19.282437,166.636637
large_airport,Qasem Soleimani International Airport,AWZ,IR,Ahvaz,31.3364,48.763789
medium_airport,Clayton J. Lloyd International Airport,AXA,AI,The Valley,18.204773,-63.05383
medium_airport,Alexandroupoli Democritus Airport,AXD,GR,Alexandroupolis,40.8559,25.956301
medium_airport,Alxa Left Banner Bayanhot Airport,AXF,CN,Bayanhot,38.748317,105.58416
medium_airport,Amakusa Airport,AXJ,JP,Amakusa,32.482498,130.158997
medium_airport,El Eden Airport,AXM,CO,Armenia,4.45278,-75.7664
medium_airport,Spring Point Airport,AXP,BS,Spring Point,22.441799,-73.970901
medium_airport,Arutua Airport,AXR,PF,,-15.248299598693848,-146.61700439453125
medium_airport,Akita Airport,AXT,JP,Akita,39.615601,140.218994
medium_airport,Axum Airport,AXU,ET,Axum,14.1468,38.7728
medium_airport,Maharshi Valmiki International Airport,AYJ,IN,Faizabad,26.747736,82.163664
medium_airport,Air Force Colonel Alfredo Mendivil Duarte Airport,AYP,PE,Ayacucho,-13.1548,-74.204399
medium_airport,Ayers Rock Connellan Airport,AYQ,AU,Yulara,-25.185913,130.97703
large_airport,Antalya International Airport,AYT,TR,Antalya,36.898701,30.800501
medium_airport,Mesa Gateway Airport,AZA,US,Mesa,33.3078,-111.654999
medium_airport,Shahid Sadooghi Airport,AZD,IR,Yazd,31.9048995972,54.2765007019
medium_airport,Andijan International Airport,AZN,UZ,Andijan,40.727699,72.293999
medium_airport,Kalamazoo/Battle Creek International Airport,AZO,US,Kalamazoo,42.232105,-85.549637
medium_airport,Touat-Cheikh Sidi Mohamed Belkebir Airport,AZR,DZ,Adrar,27.837601,-0.186414
medium_airport,Samaná El Catey International Airport,AZS,DO,Samana,19.269259,-69.737405
large_airport,Bahrain International Airport,BAH,BH,Manama,26.267295,50.63764
medium_airport,Batman Airport,BAL,TR,Batman,37.929001,41.1166
large_airport,Ernesto Cortissoz International Airport,BAQ,CO,Barranquilla,10.8896,-74.7808
medium_airport,Qionghai Bo'ao Airport,BAR,CN,Qionghai (Basuo),19.140951,110.452766
large_airport,Baotou Donghe International Airport,BAV,CN,Baotou,40.560001,109.997002
large_airport,Barnaul Gherman Titov International Airport,BAX,RU,Barnaul,53.361285,83.539701
medium_airport,Maramureș International Airport,BAY,RO,Tăuții-Măgherăuș,47.658444,23.464445
medium_airport,Balmaceda Airport,BBA,CL,Balmaceda,-45.915968,-71.689499
large_airport,Biju Patnaik International Airport,BBI,IN,Bhubaneswar,20.251021,85.814747
large_airport,Kasane International Airport,BBK,BW,Kasane,-17.831653,25.166195
medium_airport,Battambang Airport,BBM,KH,Battambang,13.0956,103.223999
medium_airport,Bario Airport,BBN,MY,Bario,3.734648,115.478548
medium_airport,Berbera Airport,BBO,SO,Berbera,10.385035,44.936723
medium_airport,Burton-Nibbs International Airport,BBQ,AG,Codrington,17.621194,-61.798347
large_airport,Bucharest Băneasa Aurel Vlaicu International Airport,BBU,RO,Bucharest,44.503133,26.102944
medium_airport,Gustavo Rizo Airport,BCA,CU,Baracoa,20.36529922485352,-74.5062026977539
large_airport,Bacolod-Silay International Airport,BCD,PH,Bacolod City,10.776237,123.018879
medium_airport,Baucau Airport,BCH,TL,Baucau,-8.486479,126.399981
medium_airport,Barcaldine Airport,BCI,AU,Barcaldine,-23.566268,145.302086
large_airport,Bacău George Enescu International  Airport,BCM,RO,Bacău,46.5219,26.910299
large_airport,Josep Tarradellas Barcelona-El Prat Airport,BCN,ES,Barcelona,41.2971,2.07846
medium_airport,Jinka Airport,BCO,ET,Jinka,5.749655,36.560165
large_airport,Sir Abubakar Tafawa Balewa Bauchi State International Airport,BCU,NG,Bauchi,10.482833,9.744
large_airport,L.F. Wade International Airport,BDA,BM,Hamilton,32.363802,-64.67824
medium_airport,Bundaberg Airport,BDB,AU,Bundaberg,-24.905039,152.322612
medium_airport,Bandar Lengeh International Airport,BDH,IR,Bandar Lengeh,26.532283,54.82484
large_airport,Syamsudin Noor International Airport,BDJ,ID,Banjarbaru,-3.440112,114.761209
large_airport,Bradley International Airport,BDL,US,Hartford,41.938555,-72.688016
medium_airport,Husein Sastranegara International Airport,BDO,ID,Bandung,-6.90063,107.575996
large_airport,Vadodara International Airport,BDQ,IN,Vadodara,22.336201,73.226303
large_airport,Brindisi Airport,BDS,IT,Brindisi,40.6576,17.947001
medium_airport,Gbadolite Airport,BDT,CD,Gbadolite,4.252745,20.975271
medium_airport,Bardufoss Airport,BDU,NO,Målselv,69.055801,18.5404
medium_airport,Benbecula Airport,BEB,GB,Balivanich,57.481098,-7.36278
medium_airport,Laurence G Hanscom Field,BED,US,Bedford,42.470001,-71.289001
medium_airport,Bluefields Airport,BEF,NI,Bluefields,11.991,-83.774101
large_airport,Belgrade Nikola Tesla Airport,BEG,RS,Belgrade,44.818401,20.309099
medium_airport,Kalimarau Airport,BEJ,ID,Tanjung Redeb - Borneo Island,2.14776,117.430705
medium_airport,Bareilly Air Force Station,BEK,IN,Bareilly,28.4221,79.450798
large_airport,Val de Cans/Júlio Cezar Ribeiro International Airport,BEL,BR,Belém,-1.379279,-48.476207
large_airport,Beni Mellal Airport,BEM,MA,Oulad Yaich,32.401895,-6.315905
large_airport,Benina International Airport,BEN,LY,Benina,32.096802,20.269501
large_airport,Berlin Brandenburg Airport,BER,DE,Berlin,52.361738,13.502341
large_airport,Brest Bretagne airport,BES,FR,Brest,48.447899,-4.41854
medium_airport,Bethel Airport,BET,US,Bethel,60.77980042,-161.8379974
medium_airport,Bedourie Airport,BEU,AU,Bedourie,-24.3461,139.460007
large_airport,Beira International Airport,BEW,MZ,Beira,-19.7964,34.9076
large_airport,Beirut Rafic Hariri International Airport,BEY,LB,Beirut,33.819833,35.487443
medium_airport,Bradford Regional Airport,BFD,US,Bradford,41.8031005859375,-78.64009857177734
medium_airport,Western Neb. Rgnl/William B. Heilig Airport,BFF,US,Scottsbluff,41.87400055,-103.5960007
medium_airport,King County International Airport - Boeing Field,BFI,US,Seattle,47.527042,-122.29995
medium_airport,Bijie Feixiong Airport,BFJ,CN,Bijie,27.267066,105.472097
medium_airport,Meadows Field,BFL,US,Bakersfield,35.433601,-119.056999
large_airport,Bram Fischer International Airport,BFN,ZA,Bloemfontein,-29.092699,26.302401
large_airport,Belfast International Airport,BFS,GB,Belfast,54.6575012207,-6.21582984924
medium_airport,Buri Ram Airport,BFV,TH,Buriram,15.2295,103.252998
medium_airport,Bengbu Tenghu Airport,BFY,CN,Bengbu,33.166292,117.058344
medium_airport,Palonegro Airport,BGA,CO,Bucaramanga,7.1265,-73.1848
medium_airport,Bragança Airport,BGC,PT,Bragança,41.8578,-6.70713
large_airport,Bangui M'Poko International Airport,BGF,CF,Bangui,4.39848,18.518801
large_airport,Grantley Adams International Airport,BGI,BB,Bridgetown,13.074667,-59.491034
medium_airport,Greater Binghamton/Edwin A Link field,BGM,US,Binghamton,42.20869827,-75.97979736
large_airport,"Bergen Airport, Flesland",BGO,NO,Bergen,60.2934,5.21814
medium_airport,Bangor International Airport,BGR,US,Bangor,44.806364,-68.826668
large_airport,Baghdad International Airport / New Al Muthana Air Base,BGW,IQ,Baghdad,33.262501,44.2346
large_airport,Il Caravaggio International Airport,BGY,IT,Orio al Serio (BG),45.669362,9.708851
medium_airport,Hancock County-Bar Harbor Airport,BHB,US,Bar Harbor,44.45000076,-68.3615036
medium_airport,George Best Belfast City Airport,BHD,GB,Belfast,54.618099,-5.8725
medium_airport,Woodbourne Airport,BHE,NZ,Blenheim,-41.5182991027832,173.8699951171875
medium_airport,Bisha Airport,BHH,SA,Bisha,19.9844,42.620899
medium_airport,Comandante Espora Airport,BHI,AR,Bahía Blanca,-38.725,-62.1693
medium_airport,Bhuj Airport,BHJ,IN,Bhuj,23.2877998352,69.6701965332
large_airport,Bukhara International Airport,BHK,UZ,Bukhara,39.775319,64.482279
large_airport,Birmingham-Shuttlesworth International Airport,BHM,US,Birmingham,33.562877,-86.750712
large_airport,Raja Bhoj International Airport,BHO,IN,Bhopal,23.2875,77.337402
medium_airport,Broken Hill Airport,BHQ,AU,Broken Hill,-32.0013999939,141.472000122
medium_airport,Bathurst Airport,BHS,AU,Bathurst,-33.406817,149.651161
medium_airport,Bhavnagar Airport,BHU,IN,Bhavnagar,21.752199173,72.1852035522
medium_airport,Bahawalpur Airport,BHV,PK,Bahawalpur,29.348100662231445,71.71800231933594
large_airport,Birmingham Airport,BHX,GB,"Birmingham, West Midlands",52.453899,-1.74803
medium_airport,Beihai Fucheng Airport,BHY,CN,Beihai,21.538659,109.293683
large_airport,Bastia-Poretta International airport,BIA,FR,Bastia,42.5527,9.48373
medium_airport,Eastern Sierra Regional Airport,BIH,US,Bishop,37.3731,-118.363998
medium_airport,Frans Kaisiepo Airport,BIK,ID,Biak,-1.19002,136.108002
medium_airport,Billings Logan International Airport,BIL,US,Billings,45.808932,-108.541242
medium_airport,South Bimini Airport,BIM,BS,South Bimini,25.6998996735,-79.2647018433
large_airport,Bilbao Airport,BIO,ES,Bilbao,43.301102,-2.91061
medium_airport,Biarritz Pays Basque airport,BIQ,FR,Biarritz,43.468372,-1.523223
medium_airport,Biratnagar Airport,BIR,NP,Biratnagar,26.48150062561035,87.26399993896484
medium_airport,Bismarck Municipal Airport,BIS,US,Bismarck,46.772734,-100.746874
large_airport,Soummam–Abane Ramdane Airport,BJA,DZ,Béjaïa,36.712547,5.069909
medium_airport,Bojnord Airport,BJB,IR,Bojnord,37.49300003051758,57.30820083618164
medium_airport,Rocky Mountain Metropolitan Airport,BJC,US,Denver,39.908798,-105.116997
medium_airport,Båtsfjord Airport,BJF,NO,Båtsfjord,70.60025,29.692612
large_airport,Banjul International Airport,BJL,GM,Banjul (Yundum),13.338,-16.652201
large_airport,Bujumbura Melchior Ndadaye International Airport,BJM,BI,Bujumbura,-3.32402,29.318501
medium_airport,Bahir Dar Airport,BJR,ET,Bahir Dar,11.6081,37.321602
large_airport,Milas Bodrum International Airport,BJV,TR,Bodrum,37.249314,27.66401
large_airport,Guanajuato International Airport,BJX,MX,Silao,20.992695,-101.480284
medium_airport,Badajoz Airport,BJZ,ES,Badajoz,38.8913,-6.82133
medium_airport,Branson Airport,BKG,US,Branson,36.532082,-93.200544
large_airport,Kota Kinabalu International Airport,BKI,MY,Kota Kinabalu,5.932743,116.049324
large_airport,Suvarnabhumi Airport,BKK,TH,Bangkok,13.6811,100.747002
medium_airport,Balkanabat International Airport,BKN,TM,Balkanabat,39.681052,54.206008
large_airport,Modibo Keita International Airport,BKO,ML,Bamako,12.5335,-7.94994
medium_airport,Blackall Airport,BKQ,AU,Blackall,-24.431678,145.429716
medium_airport,Fatmawati Soekarno Airport,BKS,ID,Bengkulu,-3.8637,102.338997
medium_airport,Raleigh County Memorial Airport,BKW,US,Beaver,37.7873,-81.124199
large_airport,General José Antonio Anzoategui International Airport,BLA,VE,Barcelona,10.111111,-64.692222
medium_airport,Boulder City Municipal Airport,BLD,US,Boulder City,35.947161,-114.858799
medium_airport,Dala Airport,BLE,SE,Borlange,60.422001,15.5152
medium_airport,Bellingham International Airport,BLI,US,Bellingham,48.79280090332031,-122.53800201416016
large_airport,Batna Mostefa Ben Boulaid Airport,BLJ,DZ,Batna,35.752102,6.30859
large_airport,Billund Airport,BLL,DK,Billund,55.740335,9.157019
large_airport,Bologna Guglielmo Marconi Airport,BLQ,IT,Bologna,44.5354,11.2887
large_airport,Kempegowda International Airport Bengaluru,BLR,IN,Bengaluru,13.1979,77.706299
medium_airport,Scott AFB/Midamerica Airport,BLV,US,Belleville,38.5452,-89.835197
large_airport,Chileka International Airport,BLZ,MW,Blantyre,-15.677189,34.972319
medium_airport,Stockholm-Bromma Airport,BMA,SE,Stockholm,59.354401,17.9417
large_airport,Broome International Airport,BME,AU,Broome,-17.949194,122.2283
medium_airport,Central Illinois Regional Airport at Bloomington-Normal,BMI,US,Bloomington/Normal,40.4771,-88.915901
medium_airport,Sultan Muhammad Salahuddin Airport,BMU,ID,Bima,-8.537184,118.685002
medium_airport,Buon Ma Thuot Airport,BMV,VN,Buon Ma Thuot,12.668299675,108.120002747
medium_airport,Bordj Badji Mokhtar Airport,BMW,DZ,Bordj Badji Mokhtar,21.3778,0.92698
large_airport,Nashville International Airport,BNA,US,Nashville,36.1245,-86.6782
large_airport,Bandar Abbas International Airport,BND,IR,Bandar Abbas,27.2183,56.3778
large_airport,Brisbane International Airport,BNE,AU,Brisbane,-27.38419914245605,153.11700439453125
medium_airport,Benin Airport,BNI,NG,Benin,6.316979885101318,5.599500179290772
medium_airport,Ballina Byron Gateway Airport,BNK,AU,Ballina,-28.833236,153.561471
medium_airport,"Brønnøysund Airport, Brønnøy",BNN,NO,Brønnøy,65.461098,12.2175
medium_airport,Barinas Airport,BNS,VE,Barinas,8.615,-70.214167
large_airport,Banja Luka International Airport,BNX,BA,Mahovljani,44.941399,17.297501
medium_airport,Bora Bora Airport,BOB,PF,Motu Mute,-16.444400787353516,-151.75100708007812
medium_airport,"Bocas del Toro ""Isla Colón"" International Airport",BOC,PA,Isla Colón,9.34085,-82.250801
large_airport,Bordeaux–Mérignac Airport,BOD,FR,Bordeaux,44.82865,-0.715356
large_airport,El Dorado International Airport,BOG,CO,Bogota,4.70159,-74.1469
medium_airport,Bournemouth Airport,BOH,GB,Bournemouth,50.780483,-1.839576
large_airport,Boise Air Terminal/Gowen Field,BOI,US,Boise,43.5644,-116.223
large_airport,Burgas Airport,BOJ,BG,Burgas,42.569917,27.515173
large_airport,Chhatrapati Shivaji Maharaj International Airport,BOM,IN,Mumbai,19.088699,72.867897
large_airport,Flamingo International Airport,BON,BQ,Kralendijk,12.131,-68.268501
large_airport,Bodø Airport,BOO,NO,Bodø,67.269203,14.3653
medium_airport,Bokeo International Airport,BOR,LA,Ton Phueng,20.323986,100.165392
large_airport,Boston Logan International Airport,BOS,US,Boston,42.36197,-71.0079
large_airport,Bobo Dioulasso Airport,BOY,BF,Bobo Dioulasso,11.1601,-4.33097
medium_airport,Qinhuangdao Beidaihe Airport,BPE,CN,Qinhuangdao (Changli),39.666384,119.061384
medium_airport,Bole Alashankou Airport,BPL,CN,Bole,44.895461,82.30007
large_airport,Sultan Aji Muhammad Sulaiman Sepinggan International Airport,BPN,ID,Balikpapan,-1.268342,116.89452
large_airport,Porto Seguro International Airport,BPS,BR,Porto Seguro,-16.438426,-39.080584
medium_airport,Jack Brooks Regional Airport,BPT,US,Beaumont/Port Arthur,29.9508,-94.020699
medium_airport,Qamdo Bangda Airport,BPX,CN,Bangda,30.553600311279297,97.1082992553711
medium_airport,Besalampy Airport,BPY,MG,Besalampy,-16.74453,44.482484
medium_airport,Brunswick Golden Isles Airport,BQK,US,Brunswick,31.258801,-81.466499
medium_airport,Boulia Airport,BQL,AU,,-22.913299560546875,139.89999389648438
medium_airport,Rafael Hernández International Airport,BQN,PR,Aguadilla,18.4949,-67.129402
medium_airport,Ignatyevo Airport,BQS,RU,Blagoveschensk,50.42539978027344,127.41200256347656
large_airport,Brest International Airport,BQT,BY,Brest,52.108138,23.89676
medium_airport,J F Mitchell Airport,BQU,VC,Bequia,12.9884,-61.262001
large_airport,Teniente Luis Candelaria International Airport,BRC,AR,San Carlos de Bariloche,-41.151199,-71.157501
medium_airport,Brainerd Lakes Regional Airport,BRD,US,Brainerd,46.402861,-94.129727
large_airport,Bremen Airport,BRE,DE,Bremen,53.046786,8.78932
large_airport,Bari Karol Wojtyła International Airport,BRI,IT,Bari,41.138901,16.760599
medium_airport,Bourke Airport,BRK,AU,,-30.03919982910156,145.95199584960938
medium_airport,Southeast Iowa Regional Airport,BRL,US,Burlington,40.783199310302734,-91.12550354003906
large_airport,Jacinto Lara International Airport,BRM,VE,Barquisimeto,10.042747,-69.35862
medium_airport,Bern Airport,BRN,CH,Bern,46.912736,7.498819
medium_airport,Brownsville South Padre Island International Airport,BRO,US,Brownsville,25.907238,-97.425235
medium_airport,Brno-Tuřany Airport,BRQ,CZ,Brno,49.151276,16.693972
medium_airport,Barra Airport,BRR,GB,Eoligarry,57.0228,-7.44306
large_airport,Bristol Airport,BRS,GB,Bristol,51.382326,-2.716453
large_airport,Brussels Airport,BRU,BE,Zaventem,50.901402,4.48444
medium_airport,Wiley Post Will Rogers Memorial Airport,BRW,US,Utqiaġvik,71.285402,-156.766008
medium_airport,Maria Montez International Airport,BRX,DO,Barahona,18.25149917602539,-71.12039947509766
large_airport,Bender Qassim International Airport,BSA,SO,Bosaso,11.275235,49.139231
large_airport,Presidente Juscelino Kubitschek International Airport,BSB,BR,Brasília,-15.869167,-47.920834
medium_airport,José Celestino Mutis Airport,BSC,CO,Bahía Solano,6.20292,-77.3947
medium_airport,Baoshan Yunrui Airport,BSD,CN,Baoshan (Longyang),25.053301,99.168297
large_airport,Bata International Airport,BSG,GQ,Bata,1.90547,9.80568
large_airport,Biskra - Mohamed Khider Airport,BSK,DZ,Biskra,34.79318,5.738899
large_airport,EuroAirport Basel–Mulhouse–Freiburg,BSL,FR,Bâle / Mulhouse,47.60068,7.521117
medium_airport,Basco Airport,BSO,PH,Basco,20.4513,121.980003
large_airport,Basra International Airport,BSR,IQ,Basra,30.549101,47.662102
large_airport,Manas International Airport,BSZ,KG,Bishkek,43.061298,74.4776
medium_airport,Batticaloa International Airport,BTC,LK,Batticaloa,7.705073,81.677163
large_airport,Hang Nadim International Airport,BTH,ID,Batam,1.12103,104.119003
medium_airport,Barter Island Long Range Radar Station Airport,BTI,US,Barter Island,70.134003,-143.582001
large_airport,Sultan Iskandar Muda International Airport,BTJ,ID,Banda Aceh,5.525087,95.41997
medium_airport,Bratsk Airport,BTK,RU,Bratsk,56.3696,101.701822
medium_airport,Bert Mooney Airport,BTM,US,Butte,45.95479965209961,-112.49700164794922
medium_airport,Baton Rouge Metropolitan Airport,BTR,US,Baton Rouge,30.533199,-91.149597
large_airport,M. R. Štefánik Airport,BTS,SK,Bratislava,48.1702,17.2127
medium_airport,Bintulu Airport,BTU,MY,Bintulu,3.12385010719,113.019996643
medium_airport,Patrick Leahy Burlington International Airport,BTV,US,Burlington,44.471901,-73.153297
medium_airport,Buka Airport,BUA,PG,Buka Island,-5.422299,154.672698
large_airport,Budapest Liszt Ferenc International Airport,BUD,HU,Budapest,47.43018,19.262393
large_airport,Buffalo Niagara International Airport,BUF,US,Buffalo,42.940498,-78.732201
medium_airport,Gerardo Tobar López Airport,BUN,CO,Buenaventura,3.81963,-76.9898
large_airport,Joshua Mqabuko Nkomo International Airport,BUQ,ZW,Bulawayo,-20.016284,28.622897
large_airport,Hollywood Burbank/Bob Hope Airport,BUR,US,Burbank,34.202834,-118.35805
large_airport,Alexander Kartveli Batumi International Airport,BUS,GE,Batumi,41.60939,41.600315
medium_airport,Bunia Airport,BUX,CD,Bunia,1.565743,30.220685
medium_airport,Bushehr Airport,BUZ,IR,Bushehr,28.9447994232,50.8345985413
large_airport,Beauvais-Tillé airport,BVA,FR,Beauvais,49.454399,2.11278
large_airport,Atlas Brasil Cantanhede International Airport,BVB,BR,Boa Vista,2.84615,-60.690648
large_airport,Aristides Pereira International Airport,BVC,CV,Rabil,16.136499,-22.888901
medium_airport,Brive Souillac airport,BVE,FR,Brive,45.039722,1.485556
medium_airport,Berlevåg Airport,BVG,NO,Berlevåg,70.871517,29.034097
medium_airport,Brigadeiro Camarão Airport,BVH,BR,Vilhena,-12.6944,-60.098301
medium_airport,Birdsville Airport,BVI,AU,,-25.897499084472656,139.34800720214844
medium_airport,Bovanenkovo Airport,BVJ,RU,Bovanenkovo,70.315278,68.333611
large_airport,Gautam Buddha International Airport,BWA,NP,Siddharthanagar (Bhairahawa),27.504636,83.410381
large_airport,Baltimore/Washington International Thurgood Marshall Airport,BWI,US,Baltimore,39.1754,-76.668297
medium_airport,Brač Airport,BWK,HR,Gornji Humac,43.284454,16.678362
large_airport,Brunei International Airport,BWN,BN,Bandar Seri Begawan,4.9442,114.928001
medium_airport,Balakovo Airport,BWO,RU,Balakovo,51.858299,47.745602
medium_airport,Wynyard Airport,BWT,AU,Burnie,-40.997039,145.726
medium_airport,Balkhash Airport,BXH,KZ,Balkhash,46.894246,75.004533
medium_airport,Bam Airport,BXR,IR,Bam,29.0842,58.450001
medium_airport,Bancasi Airport,BXU,PH,Butuan,8.9515,125.4788
large_airport,Baikonur Krayniy International Airport,BXY,KZ,Baikonur,45.621994,63.210773
medium_airport,Bouaké Airport,BYK,CI,Bouaké,7.7388,-5.07367
medium_airport,Carlos Manuel de Cespedes Airport,BYM,CU,Bayamo,20.3964,-76.621399
medium_airport,Bayankhongor Airport,BYN,MN,Bayankhongor,46.1633,100.704002
large_airport,Philip S. W. Goldson International Airport,BZE,BZ,Belize City,17.539951,-88.303556
medium_airport,Ignacy Jan Paderewski Bydgoszcz Airport,BZG,PL,Bydgoszcz,53.096802,17.977699
medium_airport,Balıkesir Airport,BZI,TR,Balıkesir,39.619301,27.926001
medium_airport,Bryansk International Airport,BZK,RU,Bryansk,53.214403,34.175965
medium_airport,Barisal Airport,BZL,BD,Barisal,22.801001,90.301201
medium_airport,Bozeman Yellowstone International Airport,BZN,US,Bozeman,45.778853,-111.153711
medium_airport,Bolzano Airport,BZO,IT,Bolzano (BZ),46.459245,11.326125
medium_airport,Béziers Vias airport,BZR,FR,Béziers,43.323502,3.3539
large_airport,Maya-Maya International Airport,BZV,CG,Brazzaville,-4.2517,15.253
medium_airport,Bazhong Enyang Airport,BZX,CN,Bazhong,31.73842,106.644872
medium_airport,Cabinda Airport,CAB,AO,Cabinda,-5.59839,12.188145
medium_airport,Coronel Adalberto Mendes da Silva Airport,CAC,BR,Cascavel,-25.000323,-53.501208
medium_airport,Columbia Metropolitan Airport,CAE,US,Columbia,33.938172,-81.123022
large_airport,Cagliari Elmas Airport,CAG,IT,Cagliari,39.251499,9.05428
medium_airport,Cà Mau Airport,CAH,VN,Ca Mau City,9.177667,105.177778
large_airport,Cairo International Airport,CAI,EG,Cairo,30.111534,31.396694
medium_airport,Canaima Airport,CAJ,VE,Canaima,6.231989,-62.85485
medium_airport,Akron Canton Regional Airport,CAK,US,Akron,40.91609954833984,-81.44219970703125
medium_airport,Campbeltown Airport,CAL,GB,Campbeltown,55.437199,-5.68639
large_airport,Guangzhou Baiyun International Airport,CAN,CN,Guangzhou (Huadu),23.392401,113.299004
large_airport,Cap Haitien International Airport,CAP,HT,Cap Haitien,19.725547,-72.20071
medium_airport,Cascais Airport,CAT,PT,Cascais,38.724998,-9.35523
medium_airport,Bartolomeu Lisandro Airport,CAW,BR,Campos dos Goytacazes,-21.698299,-41.301701
large_airport,Cayenne – Félix Eboué Airport,CAY,GF,Matoury,4.819964,-52.361326
medium_airport,Cobar Airport,CAZ,AU,,-31.538299560546875,145.79400634765625
large_airport,Jorge Wilsterman International Airport,CBB,BO,Cochabamba,-17.421105,-66.177102
medium_airport,Béchar Boudghene Ben Ali Lotfi Airport,CBH,DZ,Béchar,31.645700454711918,-2.269860029220581
medium_airport,Cotabato (Awang) Airport,CBO,PH,Datu Odin Sinsuat,7.164753,124.209938
medium_airport,Margaret Ekpo International Airport,CBQ,NG,Calabar,4.976019859313965,8.347200393676758
medium_airport,Canberra Airport,CBR,AU,Canberra,-35.3069,149.195007
medium_airport,Catumbela Airport,CBT,AO,Catumbela,-12.4792,13.4869
medium_airport,Jardines Del Rey Airport,CCC,CU,Cayo Coco,22.4610004425,-78.32839965820001
medium_airport,Capital International Airport,CCE,EG,New Cairo,30.06465,31.839974
medium_airport,Carcassonne Salvaza Airport,CCF,FR,Carcassonne,43.216,2.30632
large_airport,Calicut International Airport,CCJ,IN,Calicut,11.135996,75.955152
large_airport,Cocos (Keeling) Islands Airport,CCK,CC,West Island,-12.192218,96.834103
medium_airport,Forquilhinha - Criciúma  Airport,CCM,BR,Criciúma,-28.725743,-49.424475
large_airport,Carriel Sur International Airport,CCP,CL,Concepcion,-36.77235,-73.062828
medium_airport,Buchanan Field,CCR,US,Concord,37.9897,-122.056999
large_airport,Maiquetía Simón Bolívar International Airport,CCS,VE,Maiquetía,10.602214,-66.991174
large_airport,Netaji Subhash Chandra Bose International Airport,CCU,IN,Kolkata,22.654012,88.44765
medium_airport,Chub Cay Airport,CCZ,BS,Chub Cay,25.417101,-77.880898
medium_airport,Cold Bay Airport,CDB,US,Cold Bay,55.207871,-162.725029
medium_airport,Cedar City Regional Airport,CDC,US,Cedar City,37.70100021362305,-113.0989990234375
medium_airport,Chengde Puning Airport,CDE,CN,Chengde,41.1225,118.073889
large_airport,Charles de Gaulle International Airport,CDG,FR,"Paris (Roissy-en-France, Val-d'Oise)",49.00896,2.554117
medium_airport,Kadapa Airport,CDP,IN,Kadapa,14.513154,78.769183
medium_airport,Chadron Municipal Airport,CDR,US,Chadron,42.837601,-103.095001
medium_airport,Castellón-Costa Azahar Airport,CDT,ES,Castellón de la Plana,40.213889,0.073333
medium_airport,Merle K (Mudhole) Smith Airport,CDV,US,Cordova,60.491798,-145.477997
large_airport,Mactan Cebu International Airport,CEB,PH,Cebu City/Lapu-Lapu City,10.309261,123.97974
medium_airport,Jack Mc Namara Field Airport,CEC,US,Crescent City,41.778929,-124.236403
medium_airport,Ceduna Airport,CED,AU,,-32.13059997558594,133.7100067138672
medium_airport,Cherepovets Airport,CEE,RU,Cherepovets,59.273601532,38.0158004761
large_airport,Mae Fah Luang - Chiang Rai International Airport,CEI,TH,Chiang Rai,19.952299,99.882896
large_airport,Kurchatov Chelyabinsk International Airport,CEK,RU,Chelyabinsk,55.303141,61.504927
medium_airport,Ciudad Obregón International Airport,CEN,MX,Ciudad Obregón,27.39259910583496,-109.83300018310548
medium_airport,Cortez Municipal Airport,CEZ,US,Cortez,37.303001,-108.627998
large_airport,Clermont-Ferrand Auvergne airport,CFE,FR,Clermont-Ferrand,45.786701,3.16917
medium_airport,Jaime Gonzalez Airport,CFG,CU,Cienfuegos,22.149999618530277,-80.41419982910156
large_airport,Chlef Aboubakr Belkaid International Airport,CFK,DZ,Chlef,36.216614,1.341114
medium_airport,Donegal Airport,CFN,IE,Donegal,55.0442008972168,-8.340999603271484
medium_airport,Caen Carpiquet airport,CFR,FR,Caen,49.17678,-0.454883
medium_airport,Coffs Harbour Airport,CFS,AU,Coffs Harbour,-30.320601,153.115997
large_airport,Corfu Ioannis Kapodistrias International Airport,CFU,GR,Kerkyra (Corfu),39.60145,19.912179
large_airport,Várzea Grande–Marechal Rondon International Airport,CGB,BR,Cuiabá,-15.6529,-56.116699
medium_airport,Changde Taohuayuan Airport,CGD,CN,Changde (Dingcheng),28.9189,111.639999
large_airport,Congonhas–Deputado Freitas Nobre Airport,CGH,BR,São Paulo,-23.627657,-46.654601
medium_airport,Cape Girardeau Regional Airport,CGI,US,Cape Girardeau,37.2253,-89.570801
large_airport,Soekarno-Hatta International Airport,CGK,ID,Jakarta,-6.12557,106.655998
medium_airport,Camiguin Airport,CGM,PH,Mambajao,9.253894,124.709115
large_airport,Cologne Bonn Airport,CGN,DE,Köln (Cologne),50.865898,7.14274
large_airport,Zhengzhou Xinzheng International Airport,CGO,CN,Zhengzhou,34.526497,113.849165
large_airport,Shah Amanat International Airport,CGP,BD,Chattogram (Chittagong),22.249599,91.813301
large_airport,Changchun Longjia International Airport,CGQ,CN,Changchun,43.996201,125.684998
medium_airport,Campo Grande Airport,CGR,BR,Campo Grande,-20.469998,-54.673988
large_airport,Laguindingan International Airport,CGY,PH,Laguindingan,8.612203,124.456496
medium_airport,Chattanooga Metropolitan Airport (Lovell Field),CHA,US,Chattanooga,35.035301,-85.203796
large_airport,Christchurch International Airport,CHC,NZ,Christchurch,-43.489029,172.532065
medium_airport,Chaoyang Airport,CHG,CN,"Shuangta, Chaoyang",41.538101,120.434998
medium_airport,Chachapoyas Airport,CHH,PE,Chachapoyas,-6.201911,-77.856195
medium_airport,FAP Lieutenant Jaime Andres de Montreuil Morales Airport,CHM,PE,Chimbote,-9.14961,-78.523804
medium_airport,Charlottesville Albemarle Airport,CHO,US,Charlottesville,38.13859939575195,-78.4529037475586
large_airport,Chania International Airport,CHQ,GR,Souda,35.531207,24.150673
large_airport,Charleston International Airport,CHS,US,Charleston,32.896159,-80.038151
medium_airport,Inia William Tuuta Memorial Airport,CHT,NZ,Te One,-43.81189,-176.46514
medium_airport,Changuinola Captain Manuel Niño International Airport,CHX,PA,Changuinola,9.458962,-82.515062
large_airport,Ciampino–G. B. Pastine International Airport,CIA,IT,Rome,41.798769,12.595331
medium_airport,The Eastern Iowa Airport,CID,US,Cedar Rapids,41.884701,-91.7108
medium_airport,Chifeng Yulong Airport,CIF,CN,Chifeng,42.159723,118.840971
medium_airport,Capitán Aníbal Arab Airport,CIJ,BO,Cobija,-11.039109,-68.782774
large_airport,Shymkent International Airport,CIT,KZ,Shymkent,42.365021,69.47564
medium_airport,Chippewa County International Airport,CIU,US,Kincheloe,46.242038,-84.462082
medium_airport,Canouan Airport,CIW,VC,Canouan,12.699,-61.3424
large_airport,Capitán FAP José A. Quiñones González International Airport,CIX,PE,Chiclayo,-6.789223,-79.828254
medium_airport,Comiso Airport,CIY,IT,Comiso,36.99583,14.60889
medium_airport,Mayor General FAP Armando Revoredo Iglesias Airport,CJA,PE,Cajamarca,-7.13918,-78.489403
large_airport,Coimbatore International Airport,CJB,IN,Coimbatore,11.03,77.043404
medium_airport,El Loa Airport,CJC,CL,Calama,-22.498199,-68.903603
large_airport,Cheongju International Airport/Cheongju Air Base (K-59/G-513),CJJ,KR,Cheongju,36.71556,127.500289
medium_airport,Chitral Airport,CJL,PK,Chitral,35.886213,71.799922
medium_airport,Chumphon Airport,CJM,TH,Chumphon,10.7112,99.361702
large_airport,Abraham González International Airport,CJS,MX,Ciudad Juárez,31.636673,-106.428533
large_airport,Jeju International Airport,CJU,KR,Jeju City,33.512058,126.492548
medium_airport,North Central West Virginia Airport,CKB,US,Bridgeport,39.2966,-80.228104
large_airport,Chongqing Jiangbei International Airport,CKG,CN,Chongqing,29.712254,106.651895
medium_airport,Chokurdakh Airport,CKH,RU,Chokurdah,70.6231,147.901993
medium_airport,Carajás Airport,CKS,BR,Parauapebas,-6.117841,-50.003372
large_airport,Ahmed Sékou Touré International Airport,CKY,GN,Conakry,9.57689,-13.612
medium_airport,Çanakkale Airport,CKZ,TR,Çanakkale,40.1376991272,26.4267997742
medium_airport,McClellan-Palomar Airport,CLD,US,Carlsbad,33.1283,-117.279999
large_airport,Cleveland Hopkins International Airport,CLE,US,Cleveland,41.411701,-81.8498
large_airport,Avram Iancu Cluj International Airport,CLJ,RO,Cluj-Napoca,46.786042,23.685733
medium_airport,Easterwood Field,CLL,US,College Station,30.5886,-96.3638
large_airport,Alfonso Bonilla Aragon International Airport,CLO,CO,Cali,3.542717,-76.381898
medium_airport,Licenciado Miguel de la Madrid International Airport,CLQ,MX,Colima,19.277,-103.577002
large_airport,Charlotte Douglas International Airport,CLT,US,Charlotte,35.2140007019043,-80.94309997558594
medium_airport,Calvi Sainte Catherine Airport,CLY,FR,Calvi,42.530422,8.792984
medium_airport,Cunnamulla Airport,CMA,AU,,-28.030000686645508,145.6219940185547
large_airport,Bandaranaike International Colombo Airport,CMB,LK,Colombo,7.180759906768799,79.88410186767578
medium_airport,Ciudad del Carmen International Airport,CME,MX,Ciudad del Carmen,18.651516,-91.799355
medium_airport,Chambéry Aix les Bains airport,CMF,FR,Chambéry,45.6381,5.88023
medium_airport,Corumbá International Airport,CMG,BR,Corumbá,-19.01193,-57.672772
large_airport,John Glenn Columbus International Airport,CMH,US,Columbus,39.998001,-82.891899
medium_airport,University of Illinois Willard Airport,CMI,US,Savoy,40.039819,-88.276249
large_airport,Mohammed V International Airport,CMN,MA,Casablanca,33.3675,-7.58997
medium_airport,Chimbu Airport,CMU,PG,Kundiawa,-6.024290084838867,144.9709930419922
large_airport,Ignacio Agramonte International Airport,CMW,CU,Camaguey,21.419909,-77.848039
medium_airport,Houghton County Memorial Airport,CMX,US,Hancock,47.168399810791016,-88.48909759521484
medium_airport,Coonamble Airport,CNB,AU,,-30.980946,148.377833
large_airport,Mihail Kogălniceanu International Airport,CND,RO,Constanța,44.362202,28.4883
large_airport,Tancredo Neves International Airport,CNF,BR,Belo Horizonte,-19.63571,-43.966928
medium_airport,Cloncurry Airport,CNJ,AU,Cloncurry,-20.6686000824,140.503997803
medium_airport,Cavern City Air Terminal,CNM,US,Carlsbad,32.337501525878906,-104.26300048828124
large_airport,Kannur International Airport,CNN,IN,Kannur,11.916343,75.544979
medium_airport,Neerlerit Inaat Airport,CNP,GL,Neerlerit Inaat,70.743103,-22.650499
medium_airport,Corrientes Airport,CNQ,AR,Corrientes,-27.4455,-58.7619
large_airport,Cairns International Airport,CNS,AU,Cairns,-16.878921,145.74948
large_airport,Chiang Mai International Airport,CNX,TH,Chiang Mai,18.7667999268,98.962600708
medium_airport,Canyonlands Regional Airport,CNY,US,Moab,38.755001,-109.754997
medium_airport,Yellowstone Regional Airport,COD,US,Cody,44.520199,-109.024002
large_airport,Cochin International Airport,COK,IN,Kochi,10.151047,76.400838
large_airport,Cotonou Cadjehoun International Airport,COO,BJ,Cotonou,6.35723,2.38435
medium_airport,Choibalsan Airport,COQ,MN,,48.135381,114.647231
large_airport,Ingeniero Aeronáutico Ambrosio L.V. Taravella International Airport,COR,AR,Cordoba,-31.312346,-64.208329
large_airport,City of Colorado Springs Municipal Airport,COS,US,Colorado Springs,38.805801,-104.700996
medium_airport,Columbia Regional Airport,COU,US,Columbia,38.8181,-92.219597
large_airport,Çukurova International Airport,COV,TR,Tarsus,36.891478,35.071235
medium_airport,Aviador C. Campos Airport,CPC,AR,Chapelco/San Martin de los Andes,-40.075401,-71.137299
medium_airport,Coober Pedy Airport,CPD,AU,Coober Pedy,-29.038312,134.722166
medium_airport,Ingeniero Alberto Acuña Ongay International Airport,CPE,MX,Campeche,19.815969,-90.500125
large_airport,Copenhagen Kastrup Airport,CPH,DK,Copenhagen,55.617900848389,12.656000137329
medium_airport,Desierto de Atacama Airport,CPO,CL,Copiapo,-27.2612,-70.779198
medium_airport,Casper-Natrona County International Airport,CPR,US,Casper,42.907381,-106.461609
large_airport,Cape Town International Airport,CPT,ZA,Cape Town,-33.97403,18.604333
medium_airport,Presidente João Suassuna Airport,CPV,BR,Campina Grande,-7.269662,-35.896057
medium_airport,Benjamin Rivera Noriega Airport,CPX,PR,Culebra,18.312954,-65.303893
medium_airport,Chongqing Xiannüshan Airport,CQW,CN,Wulong,29.465658,107.693664
large_airport,Craiova International Airport,CRA,RO,Craiova,44.3181,23.888599
large_airport,General Enrique Mosconi International Airport,CRD,AR,Comodoro Rivadavia,-45.786941,-67.463355
medium_airport,Colonel Hill Airport,CRI,BS,Colonel Hill,22.7456,-74.182404
large_airport,Clark International Airport / Clark Air Base,CRK,PH,Mabalacat,15.186,120.559998
large_airport,Brussels South Charleroi Airport,CRL,BE,Charleroi,50.461963,4.459562
medium_airport,Catarman National Airport,CRM,PH,Catarman,12.50161,124.635258
medium_airport,Corpus Christi International Airport,CRP,US,Corpus Christi,27.770399,-97.501198
medium_airport,Crotone Sant'Anna Pythagoras Airport,CRV,IT,Isola di Capo Rizzuto (KR),38.9972,17.0802
medium_airport,Yeager Airport,CRW,US,Charleston,38.3731,-81.593201
large_airport,Türkmenabat International Airport,CRZ,TM,Türkmenabat,38.930662,63.563982
medium_airport,Columbus Airport,CSG,US,Columbus,32.516415,-84.939602
medium_airport,Cap Skirring Airport,CSK,SN,Cap Skirring,12.39533,-16.748
medium_airport,Cabo San Lucas International Airport,CSW,MX,Cabo San Lucas,22.949072,-109.939479
large_airport,Changsha Huanghua International Airport,CSX,CN,Changsha (Changsha),28.189199,113.220001
medium_airport,Cheboksary Airport,CSY,RU,Cheboksary,56.090302,47.347301
large_airport,Catania-Fontanarossa Airport,CTA,IT,Catania,37.466801,15.0664
medium_airport,Coronel Felipe Varela International Airport,CTC,AR,Catamarca,-28.593117,-65.7512
medium_airport,Alonso Valderrama Airport,CTD,PA,Chitré,7.98784,-80.409837
large_airport,Rafael Nuñez International Airport,CTG,CO,Cartagena,10.4424,-75.513
medium_airport,Charleville Airport,CTL,AU,Charleville,-26.4132995605,146.261993408
medium_airport,Chetumal International Airport,CTM,MX,Chetumal,18.504985,-88.328018
medium_airport,Cooktown Airport,CTN,AU,,-15.443649,145.183221
large_airport,New Chitose Airport,CTS,JP,Sapporo,42.774753,141.690414
large_airport,Chengdu Shuangliu International Airport,CTU,CN,Chengdu (Shuangliu),30.558257,103.945966
medium_airport,Camilo Daza International Airport,CUC,CO,Cúcuta,7.92757,-72.5115
medium_airport,Mariscal Lamar Airport,CUE,EC,Cuenca,-2.88947,-78.984398
medium_airport,Cuneo International Airport,CUF,IT,Levaldigi (CN),44.547458,7.623045
medium_airport,Caye Caulker Airport,CUK,BZ,Caye Caulker,17.735015,-88.032862
large_airport,Bachigualato Federal International Airport,CUL,MX,Culiacán,24.76504,-107.475228
medium_airport,Antonio José de Sucre Airport,CUM,VE,Cumaná,10.450333,-64.13047
large_airport,Cancún International Airport,CUN,MX,Cancún,21.040817,-86.87347
medium_airport,General Francisco Bermúdez Airport,CUP,VE,Carúpano,10.660014,-63.261681
medium_airport,Coen Airport,CUQ,AU,Coen,-13.761133,143.113311
large_airport,Hato International Airport,CUR,CW,Willemstad,12.1889,-68.959801
large_airport,General Roberto Fierro Villalobos International Airport,CUU,MX,Chihuahua,28.702649,-105.963764
large_airport,Alejandro Velasco Astete International Airport,CUZ,PE,Cusco,-13.535699844400002,-71.9387969971
large_airport,Cincinnati Northern Kentucky International Airport,CVG,US,Cincinnati / Covington,39.048801,-84.667801
medium_airport,General Pedro Jose Mendez International Airport,CVM,MX,Ciudad Victoria,23.7033,-98.956497
medium_airport,Clovis Municipal Airport,CVN,US,Clovis,34.426594,-103.078794
medium_airport,Carnarvon Airport,CVQ,AU,Carnarvon,-24.884337,113.666393
medium_airport,Central Wisconsin Airport,CWA,US,Mosinee,44.777448,-89.670238
large_airport,Curitiba-Afonso Pena International Airport,CWB,BR,Curitiba,-25.5285,-49.1758
medium_airport,Chernivtsi International Airport,CWC,UA,Chernivtsi,48.2593002319336,25.98080062866211
medium_airport,Cangyuan Washan Airport,CWJ,CN,Lincang (Cangyuan),23.276331,99.373169
large_airport,Cardiff International Airport,CWL,GB,Cardiff,51.396702,-3.34333
medium_airport,Cox's Bazar Airport,CXB,BD,Cox's Bazar,21.457517,91.963263
large_airport,Cassidy International Airport,CXI,KI,Kiritimati,1.986278,-157.350011
medium_airport,Hugo Cantergiani Regional Airport,CXJ,BR,Caxias Do Sul,-29.197183,-51.187647
medium_airport,Tunggul Wulung Airport,CXP,ID,Cilacap,-7.64506,109.033997
large_airport,Cam Ranh International Airport / Cam Ranh Air Base,CXR,VN,Nha Trang/nha Trang aiurportCam Ranh,11.9982,109.219002
medium_airport,Antoine-Simon International Airport,CYA,HT,Les Cayes,18.271099,-73.7883
medium_airport,Charles Kirkconnell International Airport,CYB,KY,West End,19.687,-79.882797
medium_airport,Caye Chapel Airport,CYC,BZ,Caye Chapel,17.683792,-88.044985
medium_airport,Chiayi Airport,CYI,TW,Shuishang,23.462577,120.390544
medium_airport,Vilo Acuña International Airport,CYO,CU,Cayo Largo del Sur,21.6165008545,-81.5459976196
medium_airport,Calbayog Airport,CYP,PH,Calbayog City,12.072574,124.54508
medium_airport,Cheyenne Regional Jerry Olson Field,CYS,US,Cheyenne,41.155701,-104.811997
medium_airport,Cherskiy Airport,CYX,RU,Cherskiy,68.7406005859375,161.33799743652344
medium_airport,Cauayan Airport,CYZ,PH,Cauayan City,16.9298992157,121.752998352
medium_airport,José Leonardo Chirinos Airport,CZE,VE,Coro,11.414944,-69.680901
medium_airport,Corozal Airport,CZH,BZ,Corozal,18.3822,-88.411903
large_airport,Mohamed Boudiaf International Airport,CZL,DZ,Constantine,36.276001,6.62039
large_airport,Cozumel International Airport,CZM,MX,Cozumel,20.514922,-86.928538
medium_airport,Cruzeiro do Sul Airport,CZS,BR,Cruzeiro Do Sul,-7.59991,-72.769501
medium_airport,Las Brujas Airport,CZU,CO,Corozal,9.33274,-75.2856
medium_airport,Changzhou Benniu International Airport,CZX,CN,Changzhou,31.920485,119.77546
medium_airport,Daytona Beach International Airport,DAB,US,Daytona Beach,29.18255,-81.059464
large_airport,Hazrat Shahjalal International Airport,DAC,BD,Dhaka,23.843347,90.397783
large_airport,Da Nang International Airport,DAD,VN,Da Nang,16.0439,108.198997
large_airport,Dallas Love Field,DAL,US,Dallas,32.844776,-96.847653
large_airport,Damascus International Airport,DAM,SY,Damascus,33.4114990234375,36.51559829711914
large_airport,Julius Nyerere International Airport,DAR,TZ,Dar es Salaam,-6.873499,39.207288
large_airport,Datong Yungang International Airport,DAT,CN,Datong,40.06139,113.480509
medium_airport,Daru Airport,DAU,PG,Daru,-9.08676,143.207993
medium_airport,Enrique Malek International Airport,DAV,PA,David,8.388983,-82.436425
medium_airport,James M. Cox Dayton International Airport,DAY,US,Dayton,39.902401,-84.219398
large_airport,El Alamein International Airport,DBB,EG,El Alamein,30.924324,28.46161
medium_airport,Baicheng Chang'an Airport,DBC,CN,Baicheng,45.505278,123.019722
medium_airport,Dubbo City Regional Airport,DBO,AU,Dubbo,-32.2167015076,148.574996948
medium_airport,Dubuque Regional Airport,DBQ,US,Dubuque,42.402,-90.709503
medium_airport,Darbhanga Airport,DBR,IN,Darbhanga,26.192801,85.916901
large_airport,Dubrovnik Ruđer Bošković Airport,DBV,HR,Dubrovnik,42.562247,18.265543
large_airport,Ronald Reagan Washington National Airport,DCA,US,Washington,38.8521,-77.037697
medium_airport,Canefield Airport,DCF,DM,Canefield,15.336693,-61.392108
medium_airport,Castres Mazamet Airport,DCM,FR,Castres,43.556301,2.28918
medium_airport,Daocheng Yading Airport,DCY,CN,Garzê (Daocheng),29.31632,100.060317
medium_airport,Dodge City Regional Airport,DDC,US,Dodge City,37.76340103149414,-99.9655990600586
medium_airport,Dandong Langtou International Airport,DDG,CN,Dandong (Zhenxing),40.025453,124.28669
medium_airport,Shigatse Tingri Airport,DDR,CN,Xigazê (Dingri),28.604567,86.798
medium_airport,Dera Ghazi Khan Airport,DEA,PK,Dera Ghazi Khan,29.961000442504883,70.48590087890625
large_airport,Debrecen International Airport,DEB,HU,Debrecen,47.489469,21.616278
medium_airport,Decatur Airport,DEC,US,Decatur,39.834598541259766,-88.8656997680664
medium_airport,Dehradun Jolly Grant Airport,DED,IN,Dehradun (Jauligrant),30.189243,78.176651
medium_airport,Dezful Airport,DEF,IR,Dezful,32.434399,48.397598
large_airport,Indira Gandhi International Airport,DEL,IN,New Delhi,28.55563,77.09519
large_airport,Denver International Airport,DEN,US,Denver,39.860027,-104.673792
large_airport,Dallas Fort Worth International Airport,DFW,US,Dallas-Fort Worth,32.896801,-97.038002
medium_airport,Dangriga Airport,DGA,BZ,Dangriga,16.98251,-88.230988
medium_airport,General Guadalupe Victoria International Airport,DGO,MX,Durango,24.125468,-104.527938
medium_airport,Sibulan Airport,DGT,PH,Dumaguete City,9.334183,123.30191
medium_airport,Kangra Airport,DHM,IN,Kangra,32.164902,76.263018
medium_airport,Dothan Regional Airport,DHN,US,Dothan,31.3213005065918,-85.44960021972656
medium_airport,Dhoho International Airport,DHX,ID,Kediri,-7.749527,111.946831
large_airport,Doha International Airport,DIA,QA,Doha,25.259431,51.565528
medium_airport,Dibrugarh Airport,DIB,IN,Dibrugarh,27.4839000702,95.0168991089
medium_airport,Arrachart Airport,DIE,MG,Antisiranana,-12.3494,49.291698
medium_airport,Diqing Shangri-La Airport,DIG,CN,Diqing (Shangri-La),27.7936,99.6772
medium_airport,Dijon Longvic airport,DIJ,FR,Dijon,47.268902,5.09
medium_airport,Dickinson Theodore Roosevelt Regional Airport,DIK,US,Dickinson,46.797533,-102.801905
large_airport,Presidente Nicolau Lobato International Airport,DIL,TL,Dili,-8.546562,125.524507
medium_airport,Dien Bien Phu Airport,DIN,VN,Dien Bien Phu,21.3974990845,103.008003235
large_airport,Aba Tenna Dejazmach Yilma International Airport,DIR,ET,Dire Dawa,9.623549,41.855027
medium_airport,Diyarbakır Airport,DIY,TR,Diyarbakır,37.893902,40.201
large_airport,Djerba Zarzis International Airport,DJE,TN,Mellita,33.873719,10.7773
large_airport,Tiska Djanet Airport,DJG,DZ,Djanet,24.285448,9.463652
large_airport,Dortheys Hiyo Eluay International Airport,DJJ,ID,Sentani,-2.579627,140.519857
medium_airport,Umaru Musa Yar'adua Airport,DKA,NG,Katsina,13.0078,7.66045
large_airport,Léopold Sédar Senghor International Airport,DKR,SN,Dakar,14.742337,-17.479222
large_airport,Douala International Airport,DLA,CM,Douala,4.00608,9.71948
large_airport,Dalian Zhoushuizi International Airport,DLC,CN,Dalian (Ganjingzi),38.965719,121.538477
medium_airport,Dole Tavaux Airport,DLE,FR,Dole,47.038955,5.427589
medium_airport,Dillingham Airport,DLG,US,Dillingham,59.04470062,-158.5050049
medium_airport,Duluth International Airport,DLH,US,Duluth,46.841873,-92.198746
medium_airport,Lien Khuong Airport,DLI,VN,Da Lat,11.750556,108.366997
large_airport,Dalaman International Airport,DLM,TR,Dalaman,36.7131,28.7925
medium_airport,Dali Fengyi Airport,DLU,CN,Dali (Xiaguan),25.649401,100.319
medium_airport,Dalanzadgad Airport,DLZ,MN,Dalanzadgad,43.608628,104.367734
large_airport,Taraz International Airport,DMB,KZ,Taraz,42.8536,71.303596
large_airport,Domodedovo International Airport,DME,RU,Moscow,55.408798,37.9063
large_airport,Don Mueang International Airport,DMK,TH,Bangkok,13.9126,100.607002
large_airport,King Fahd International Airport,DMM,SA,Ad Dammam,26.4691,49.798209
medium_airport,Dimapur Airport,DMU,IN,Dimapur,25.8838996887,93.7711029053
medium_airport,Dundee Airport,DND,GB,Dundee,56.452499,-3.02583
large_airport,Dunhuang Mogao International Airport,DNH,CN,Dunhuang,40.161953,94.812827
medium_airport,Dnipro International Airport,DNK,UA,Dnipro,48.357201,35.100601
medium_airport,Dinard Pleurtuit Saint-Malo airport,DNR,FR,Dinard,48.5877,-2.07996
medium_airport,Çardak Airport,DNZ,TR,Denizli,37.7855987549,29.7012996674
medium_airport,Dodoma Airport,DOD,TZ,Dodoma,-6.170559,35.756036
medium_airport,Dongola Airport,DOG,SD,Dongola,19.153666,30.430069
large_airport,Hamad International Airport,DOH,QA,Doha,25.273056,51.608056
medium_airport,Deauville Normandie airport,DOL,FR,Deauville,49.365237,0.154481
medium_airport,Douglas-Charles Airport,DOM,DM,Marigot,15.546673,-61.301082
medium_airport,Dover Civil Air Terminal/Dover Air Force Base,DOV,US,Dover,39.129501,-75.466003
medium_airport,Dongying Shengli Airport,DOY,CN,Dongying (Kenli),37.50137,118.789863
medium_airport,Dipolog Airport,DPL,PH,Dipolog,8.601983,123.341875
medium_airport,Devonport Airport,DPO,AU,Devonport,-41.1697006226,146.429992676
large_airport,Denpasar I Gusti Ngurah Rai International Airport,DPS,ID,"Kuta, Badung",-8.748409,115.167123
large_airport,Duqm International Airport,DQM,OM,Duqm,19.501944,57.634167
medium_airport,Deering Airport,DRG,US,Deering,66.068901,-162.766914
medium_airport,Durango La Plata County Airport,DRO,US,Durango,37.151501,-107.753998
large_airport,Bicol International Airport,DRP,PH,Legazpi,13.111915,123.676829
large_airport,Dresden Airport,DRS,DE,Dresden,51.134123,13.767831
large_airport,Darwin International Airport / RAAF Darwin,DRW,AU,Darwin,-12.41497,130.88185
medium_airport,Destin Executive Airport,DSI,US,Destin,30.400101,-86.471497
large_airport,Des Moines International Airport,DSM,US,Des Moines,41.534027,-93.656719
large_airport,Ordos Ejin Horo International Airport,DSN,CN,Ordos,39.493514,109.8599
medium_airport,Sondok Airport,DSO,KP,Sŏndŏng-ni,39.745201,127.473999
large_airport,Blaise Diagne International Airport,DSS,SN,Dakar,14.670878,-17.072829
large_airport,Dara Sakor International Airport,DSY,KH,Ta Noun,10.914244,103.226652
large_airport,Dortmund Airport,DTM,DE,Dortmund,51.518299,7.61224
medium_airport,Wudalianchi Dedu Airport,DTU,CN,Heihe,48.441037,126.128374
large_airport,Detroit Metropolitan Wayne County Airport,DTW,US,Detroit,42.21377,-83.353786
large_airport,Dublin Airport,DUB,IE,Dublin,53.428713,-6.262121
medium_airport,Dunedin International Airport,DUD,NZ,Dunedin,-45.929017,170.197758
medium_airport,Dundo Airport,DUE,AO,Chitato,-7.400889873504639,20.818500518798828
medium_airport,DuBois Regional Airport,DUJ,US,Dubois,41.17829895,-78.8986969
medium_airport,Pinang Kampai Airport,DUM,ID,Dumai,1.609026,101.433493
large_airport,King Shaka International Airport,DUR,ZA,Durban,-29.6144444444,31.1197222222
large_airport,Düsseldorf Airport,DUS,DE,Düsseldorf,51.289501,6.76678
medium_airport,Tom Madsen (Dutch Harbor) Airport,DUT,US,Unalaska,53.89881,-166.544996
medium_airport,Devils Lake Regional Airport,DVL,US,Devils Lake,48.115454,-98.908796
large_airport,Francisco Bangoy International Airport,DVO,PH,Davao,7.12552,125.646004
large_airport,Al Maktoum International Airport,DWC,AE,Dubai(Jebel Ali),24.896171,55.16235
medium_airport,Dawadmi Domestic Airport,DWD,SA,Dawadmi,24.4499,44.121201
large_airport,Dubai International Airport,DXB,AE,Dubai,25.24979,55.370992
large_airport,Zhangjiajie Hehua International Airport,DYG,CN,Zhangjiajie (Yongding),29.104749,110.442786
medium_airport,Ugolny Yuri Ryktheu Airport,DYR,RU,Anadyr,64.734902,177.740997
large_airport,Dushanbe International Airport,DYU,TJ,Dushanbe,38.543746,68.822977
large_airport,Dzaoudzi Pamandzi International Airport,DZA,YT,Dzaoudzi,-12.809319,45.281815
medium_airport,Dazhou Jinya Airport,DZH,CN,Dazhou (Dachuan),31.048815,107.435646
large_airport,Zhezkazgan National Airport,DZN,KZ,Zhezkazgan,47.708953,67.738094
medium_airport,Najran Domestic Airport,EAM,SA,Najran,17.611401,44.419201
medium_airport,Kearney Regional Airport,EAR,US,Kearney,40.727001,-99.006798
medium_airport,San Sebastián Airport,EAS,ES,Hondarribia,43.356499,-1.79061
medium_airport,Pangborn Memorial Airport,EAT,US,Wenatchee,47.398899,-120.207001
medium_airport,Chippewa Valley Regional Airport,EAU,US,Eau Claire,44.86579895019531,-91.48429870605467
medium_airport,Marina di Campo Airport,EBA,IT,Campo nell'Elba (LI),42.760871,10.239811
large_airport,Entebbe International Airport,EBB,UG,Entebbe,0.042386,32.443501
medium_airport,El-Obeid Airport,EBD,SD,El-Obeid,13.1532,30.2327
medium_airport,Esbjerg Airport,EBJ,DK,Esbjerg,55.525902,8.5534
large_airport,Erbil International Airport,EBL,IQ,Arbil,36.236047,43.946615
large_airport,Ercan International Airport,ECN,CY,Tymbou (Kirklar),35.153064,33.507352
medium_airport,Northwest Florida Beaches International Airport,ECP,US,Panama City Beach,30.357106,-85.795414
large_airport,Edinburgh Airport,EDI,GB,Edinburgh,55.950145,-3.372288
large_airport,Eldoret International Airport,EDL,KE,Eldoret,0.404458,35.238899
large_airport,Balıkesir Koca Seyit Airport,EDO,TR,Edremit,39.552533,27.010192
medium_airport,Kefallinia Airport,EFL,GR,Kefallinia Island,38.12009811401367,20.5004997253418
medium_airport,Bergerac Dordogne-Périgord airport,EGC,FR,Bergerac,44.825298,0.518611
medium_airport,Eagle County Regional Airport,EGE,US,Eagle,39.64260101,-106.9179993
medium_airport,Belgorod International Airport,EGO,RU,Belgorod,50.643798828125,36.5900993347168
medium_airport,Egilsstaðir Airport,EGS,IS,Egilsstaðir,65.2833023071289,-14.401399612426758
medium_airport,Egegik Airport,EGX,US,Egegik,58.184386,-157.374873
large_airport,Ezhou Huahu International Airport,EHU,CN,Ezhou,30.341178,115.03926
medium_airport,Yeniseysk Airport,EIE,RU,Yeniseysk,58.474201,92.112503
large_airport,Eindhoven Airport,EIN,NL,Eindhoven,51.4500999451,5.37452983856
large_airport,Terrance B. Lettsome International Airport,EIS,VG,Beef Island,18.445492,-64.541707
medium_airport,Yariguíes Airport,EJA,CO,Barrancabermeja,7.02433,-73.8068
medium_airport,Al Wajh Domestic Airport,EJH,SA,Al Wajh,26.198601,36.476398
medium_airport,Elko Regional Airport,EKO,US,Elko,40.82490158081055,-115.79199981689452
medium_airport,Elcho Island Airport,ELC,AU,Elcho Island,-12.019399642899998,135.570999146
medium_airport,South Arkansas Regional Airport at Goodwin Field,ELD,US,El Dorado,33.221001,-92.813301
medium_airport,El Fasher Airport,ELF,SD,El Fasher,13.61489963531494,25.32460021972656
medium_airport,El Golea Airport,ELG,DZ,El Menia,30.580732,2.861595
medium_airport,North Eleuthera Airport,ELH,BS,North Eleuthera,25.475823,-76.680784
medium_airport,Elmira Corning Regional Airport,ELM,US,Elmira/Corning,42.1599006652832,-76.8916015625
large_airport,El Paso International Airport,ELP,US,El Paso,31.809908,-106.375607
large_airport,Prince Naif bin Abdulaziz International Airport,ELQ,SA,Qassim,26.302799,43.774399
large_airport,King Phalo Airport,ELS,ZA,East London,-33.035599,27.825899
medium_airport,Guemar Airport - مطار قمار بالوادي,ELU,DZ,Guemar,33.511398,6.77679
large_airport,East Midlands Airport,EMA,GB,"Nottingham, Leicestershire",52.8311,-1.32806
medium_airport,Emerald Airport,EMD,AU,Emerald,-23.5674991608,148.179000854
medium_airport,Emmonak Airport,EMK,US,Emmonak,62.78609848,-164.4909973
medium_airport,Kenai Municipal Airport,ENA,US,Kenai,60.570946,-151.245174
medium_airport,Enontekio Airport,ENF,FI,Enontekio,68.362602233887,23.424299240112
medium_airport,Enshi Xujiaping Airport,ENH,CN,Enshi (Enshi),30.320299,109.485001
large_airport,Teniente Ramon A. Ayub Gonzalez International Airport,ENO,PY,Encarnación,-27.227537,-55.837584
large_airport,Akanu Ibiam International Airport,ENU,NG,Enegu,6.473718,7.560463
medium_airport,Yan'an Nanniwan Airport,ENY,CN,Yan'an (Baota),36.479413,109.464083
medium_airport,Enrique Olaya Herrera Airport,EOH,CO,Medellín,6.219686,-75.590597
medium_airport,Eday Airport,EOI,GB,Eday,59.19060134887695,-2.7722198963165283
medium_airport,Esperance Airport,EPR,AU,Esperance,-33.684399,121.822998
medium_airport,Pärnu Airport,EPU,EE,Pärnu,58.41899871826172,24.47279930114746
medium_airport,Esquel Brigadier Antonio Parodi International Airport,EQS,AR,Esquel,-42.908001,-71.139503
medium_airport,Erzincan Airport,ERC,TR,Erzincan,39.7102012634,39.5270004272
large_airport,Erfurt-Weimar Airport,ERF,DE,Erfurt,50.978281,10.960713
medium_airport,Moulay Ali Cherif Airport,ERH,MA,Errachidia,31.9475002289,-4.39833021164
medium_airport,Erie International Tom Ridge Field,ERI,US,Erie,42.083127,-80.173867
medium_airport,Erenhot Saiwusu International Airport,ERL,CN,Erenhot,43.424079,112.091081
medium_airport,Eros Airport,ERS,,Windhoek,-22.60492,17.079002
medium_airport,Erzurum International Airport,ERZ,TR,Erzurum,39.956501,41.1702
large_airport,Esenboğa International Airport,ESB,TR,Ankara,40.128101,32.995098
medium_airport,Delta County Airport,ESC,US,Escanaba,45.723199,-87.088623
medium_airport,Orcas Island Airport,ESD,US,Eastsound,48.708199,-122.910004
medium_airport,Elista Airport,ESL,RU,Elista,46.3739013671875,44.33089828491211
large_airport,Carlos Concha Torres International Airport,ESM,EC,Tachina,0.978519,-79.626602
medium_airport,Ricardo García Posada Airport,ESR,CL,El Salvador,-26.3111,-69.765198
medium_airport,Essaouira-Mogador Airport,ESU,MA,Essaouira,31.397499,-9.68167
large_airport,Ramon International Airport,ETM,IL,Eilat,29.727009,35.014116
medium_airport,Santa Rosa - Artillery Colonel Victor Larrea International Airport,ETR,EC,Santa Rosa,-3.441986,-79.996957
medium_airport,Metz-Nancy-Lorraine Airport,ETZ,FR,Goin,48.982101,6.25132
medium_airport,Eugene Airport,EUG,US,Eugene,44.124599,-123.211998
large_airport,Laayoune Hassan I International Airport,EUN,EH,El Aaiún,27.142467,-13.224947
medium_airport,F. D. Roosevelt Airport,EUX,BQ,Oranjestad,17.4965,-62.979401
large_airport,Harstad/Narvik Airport,EVE,NO,Evenes,68.491302,16.678101
large_airport,Zvartnots International Airport,EVN,AM,Yerevan,40.148941,44.397887
medium_airport,Evansville Regional Airport,EVV,US,Evansville,38.0369987488,-87.5324020386
medium_airport,New Bedford Regional Airport,EWB,US,New Bedford,41.67610168457031,-70.95690155029297
medium_airport,Coastal Carolina Regional Airport,EWN,US,New Bern,35.0730018616,-77.04290008539999
large_airport,Newark Liberty International Airport,EWR,US,Newark,40.6894,-74.170545
medium_airport,Exeter International Airport,EXT,GB,"Exeter, Devon",50.734261,-3.413984
medium_airport,Beloyarskiy Airport,EYK,RU,,63.686901,66.698601
medium_airport,El Alcaravan - Yopal Airport,EYP,CO,Yopal,5.31911,-72.384
medium_airport,Key West International Airport,EYW,US,Key West,24.556119,-81.759579
large_airport,Ezeiza International Airport - Ministro Pistarini,EZE,AR,Buenos Aires (Ezeiza),-34.8222,-58.5358
medium_airport,Elazığ Airport,EZS,TR,Elazığ,38.597974,39.28348
large_airport,Vágar Airport,FAE,FO,Vágar,62.063256,-7.275782
medium_airport,Fairbanks International Airport,FAI,US,Fairbanks,64.815102,-147.856003
large_airport,Faro - Gago Coutinho International Airport,FAO,PT,Faro,37.015909,-7.970939
medium_airport,Hector International Airport,FAR,US,Fargo,46.9207,-96.815804
large_airport,Fresno Yosemite International Airport,FAT,US,Fresno,36.775767,-119.718018
medium_airport,Fakarava Airport,FAV,PF,,-16.054100036621094,-145.65699768066406
medium_airport,Fayetteville Regional Airport - Grannis Field,FAY,US,Fayetteville,34.991199,-78.880302
large_airport,Lubumbashi International Airport,FBM,CD,Lubumbashi,-11.591494,27.530753
medium_airport,Glacier Park International Airport,FCA,US,Kalispell,48.310501,-114.255997
medium_airport,Sea-Airport Cuxhaven/Nordholz / Nordholz Naval Airbase,FCN,DE,Wurster Nordseeküste,53.767689,8.659201
large_airport,Rome–Fiumicino Leonardo da Vinci International Airport,FCO,IT,Rome,41.804532,12.251998
large_airport,Martinique Aimé Césaire International Airport,FDF,MQ,Fort-de-France,14.591,-61.003201
large_airport,Bodensee Airport Friedrichshafen,FDH,DE,Friedrichshafen,47.671299,9.51149
medium_airport,Bandundu Airport,FDU,CD,Bandundu,-3.31132,17.381701
medium_airport,João Durval Carneiro Airport,FEC,BR,Feira de Santana,-12.200694,-38.906164
medium_airport,Fergana International Airport,FEG,UZ,Fergana,40.358799,71.745003
medium_airport,Fernando de Noronha Airport,FEN,BR,Fernando de Noronha,-3.854534,-32.423017
large_airport,Fes Saïss International Airport,FEZ,MA,Saïss,33.927299,-4.97796
medium_airport,Fangatau Airport,FGU,PF,Fangatau,-15.820044,-140.888071
large_airport,Ndjili International Airport,FIH,CD,Kinshasa,-4.38575,15.4446
medium_airport,Fitzroy Crossing Airport,FIZ,AU,,-18.183596,125.559783
large_airport,Fujairah International Airport,FJR,AE,Fujairah,25.108411,56.328061
large_airport,Karlsruhe Baden-Baden Airport,FKB,DE,Rheinmünster,48.7794,8.0805
large_airport,Bangoka International Airport,FKI,CD,Kisangani,0.481639,25.337999
medium_airport,Fakfak Airport,FKQ,ID,Fakfak,-2.920508,132.267011
medium_airport,Fukushima Airport,FKS,JP,Sukagawa,37.22740173339844,140.43099975585938
medium_airport,Gustavo Artunduaga Paredes Airport,FLA,CO,Florencia,1.58919,-75.5644
medium_airport,Flagstaff Pulliam Airport,FLG,US,Flagstaff,35.139757,-111.669826
large_airport,Fort Lauderdale Hollywood International Airport,FLL,US,Fort Lauderdale,26.072599,-80.152702
large_airport,Hercílio Luz International Airport,FLN,BR,Florianópolis,-27.670279,-48.552502
medium_airport,Florence Regional Airport,FLO,US,Florence,34.18539810180664,-79.7238998413086
large_airport,"Florence Airport, Peretola",FLR,IT,Firenze (FI),43.808558,11.202822
medium_airport,Flores Airport,FLW,PT,Santa Cruz das Flores,39.455299377441406,-31.13139915466309
medium_airport,Dr. Ferdinand Lumban Tobing Airport,FLZ,ID,Sibolga (Pinangsori),1.557127,98.887145
medium_airport,Formosa National Airport,FMA,AR,Formosa,-26.2127,-58.2281
medium_airport,Kalemie Airport,FMI,CD,Kalemie,-5.87556,29.25
large_airport,Memmingen Allgau Airport,FMM,DE,Memmingen,47.988092,10.238248
large_airport,Münster Osnabrück Airport,FMO,DE,Greven,52.133816,7.688482
large_airport,Lungi International Airport,FNA,SL,Freetown (Lungi-Town),8.61644,-13.1955
large_airport,Cristiano Ronaldo International Airport,FNC,PT,Funchal,32.697812,-16.774613
medium_airport,Nîmes-Arles-Camargue Airport,FNI,FR,Nîmes/Garons,43.757401,4.41635
large_airport,Pyongyang Sunan International Airport,FNJ,KP,Pyongyang,39.224098,125.669998
medium_airport,Bishop International Airport,FNT,US,Flint,42.969294,-83.743355
large_airport,Fuzhou Changle International Airport,FOC,CN,Fuzhou (Changle),25.929254,119.672524
medium_airport,Fort Dodge Regional Airport,FOD,US,Fort Dodge,42.552624,-94.191237
medium_airport,Foggia Gino Lisa Airport,FOG,IT,Foggia (FG),41.433596,15.534566
medium_airport,La Fortuna Arenal Airport,FON,CR,La Fortuna,10.469311,-84.579073
large_airport,Pinto Martins International Airport,FOR,BR,Fortaleza,-3.775833,-38.532222
large_airport,Grand Bahama International Airport,FPO,BS,Freeport,26.557996,-78.695583
large_airport,Frankfurt Main Airport,FRA,DE,Frankfurt am Main,50.026706,8.55835
medium_airport,Friday Harbor Airport,FRD,US,Friday Harbor,48.523654,-123.024645
medium_airport,Forlì-Luigi Ridolfi International Airport,FRL,IT,Forlì (FC),44.194801,12.0701
medium_airport,Florø Airport,FRO,NO,Florø,61.583599090576,5.0247201919556
medium_airport,Mundo Maya International Airport,FRS,GT,San Benito,16.913707,-89.866143
large_airport,Phillip Gaonwe Matante International Airport,FRW,BW,Francistown,-21.159183,27.468826
large_airport,Figari Sud-Corse Airport,FSC,FR,Figari,41.50185,9.097092
medium_airport,Sioux Falls Regional Airport,FSD,US,Sioux Falls,43.585463,-96.741152
medium_airport,Fort Smith Regional Airport,FSM,US,Fort Smith,35.336601,-94.367401
medium_airport,Saint-Pierre Pointe-Blanche Airport,FSP,PM,Saint-Pierre,46.762651,-56.17499
large_airport,Mount Fuji Shizuoka Airport,FSZ,JP,Makinohara / Shimada,34.795022,138.190976
large_airport,El Calafate - Commander Armando Tola International Airport,FTE,AR,El Calafate,-50.281997,-72.053949
medium_airport,Tôlanaro Airport,FTU,MG,Tôlanaro,-25.038099,46.9561
medium_airport,Fort Worth Meacham International Airport,FTW,US,Fort Worth,32.819919,-97.360818
large_airport,Fuerteventura Airport,FUE,ES,El Matorral,28.4527,-13.8638
medium_airport,Fuyang Xiguan Airport,FUG,CN,"Yingzhou, Fuyang",32.882157,115.734364
medium_airport,Fukue Airport,FUJ,JP,Goto,32.666302,128.832993
large_airport,Fukuoka Airport,FUK,JP,Fukuoka,33.585899353027344,130.4510040283203
medium_airport,Funafuti International Airport,FUN,TV,Funafuti,-8.523885,179.196976
medium_airport,Foshan Shadi Airport,FUO,CN,Foshan (Nanhai),23.0825,113.070833
medium_airport,Fort Wayne International Airport,FWA,US,Fort Wayne,40.978896,-85.194465
medium_airport,Fuyuan Dongji Airport,FYJ,CN,Fuyuan,48.197219,134.36298
medium_airport,Fuyun Koktokay Airport,FYN,CN,Fuyun,46.804169,89.512006
medium_airport,Fort Yukon Airport,FYU,US,Fort Yukon,66.571651,-145.249987
medium_airport,Gabès Matmata International Airport,GAE,TN,Gabès,33.733691,9.91941
medium_airport,Gafsa Ksar International Airport,GAF,TN,Gafsa,34.422000885009766,8.822500228881836
medium_airport,Yamagata Airport,GAJ,JP,Higashine,38.4119,140.371002
medium_airport,Edward G. Pitka Sr Airport,GAL,US,Galena,64.736198,-156.936997
medium_airport,Gambell Airport,GAM,US,Gambell,63.767694,-171.733303
large_airport,Gan International Airport,GAN,MV,Gan,-0.692975,73.152627
medium_airport,Gao International Airport,GAQ,ML,Gao,16.248466,-0.005389
large_airport,Lokpriya Gopinath Bordoloi International Airport,GAU,IN,Guwahati,26.106654,91.585226
medium_airport,Gaya Airport,GAY,IN,Gaya,24.744301,84.951202
medium_airport,Gabala International Airport,GBB,AZ,Gabala,40.808617,47.725389
large_airport,Sir Seretse Khama International Airport,GBE,BW,Gaborone,-24.555201,25.9182
medium_airport,Marie-Galante Airport,GBJ,GP,Grand-Bourg,15.868925,-61.270087
medium_airport,Northeast Wyoming Regional Airport,GCC,US,Gillette,44.3489,-105.539001
medium_airport,Gachsaran Airport,GCH,IR,Gachsaran,30.333869,50.833796
medium_airport,Guernsey Airport,GCI,GG,Saint Peter Port,49.435001,-2.60197
medium_airport,Garden City Regional Airport,GCK,US,Garden City,37.9275016785,-100.723999023
large_airport,Owen Roberts International Airport,GCM,KY,George Town,19.292801,-81.357697
medium_airport,Grand Canyon National Park Airport,GCN,US,Grand Canyon - Tusayan,35.9524,-112.147003
medium_airport,Gondia Airport,GDB,IN,Gondia,21.526817,80.290347
medium_airport,Gode Airport,GDE,ET,Gode,5.93513011932,43.5786018372
large_airport,Guadalajara International Airport,GDL,MX,Guadalajara,20.523342,-103.310108
large_airport,Gdańsk Lech Wałęsa Airport,GDN,PL,Gdańsk,54.377602,18.4662
medium_airport,Gondar Airport,GDQ,ET,Azezo,12.5199,37.433998
medium_airport,JAGS McCartney International Airport,GDT,TC,Cockburn Town,21.4445,-71.142303
medium_airport,Dawson Community Airport,GDV,US,Glendive,47.137658,-104.80691
medium_airport,Sokol Airport,GDX,RU,Magadan,59.9109992980957,150.72000122070312
medium_airport,Gelendzhik Airport,GDZ,RU,Gelendzhik,44.5820926295,38.0124807358
medium_airport,Nouméa Magenta Airport,GEA,NC,Nouméa,-22.257706,166.472822
medium_airport,Lefkoniko Airport / Geçitkale Air Base,GEC,CY,Lefkoniko (Geçitkale),35.23591,33.720088
large_airport,Spokane International Airport,GEG,US,Spokane,47.6199,-117.533997
medium_airport,Santo Ângelo Airport,GEL,BR,Santo Ângelo,-28.282503,-54.169623
medium_airport,President Obiang Nguema International Airport,GEM,GQ,Mengomeyén,1.676437,11.024904
large_airport,Cheddi Jagan International Airport,GEO,GY,Georgetown,6.49855,-58.254101
medium_airport,Rafael Cabrera Airport,GER,CU,Nueva Gerona,21.834699630737305,-82.78379821777344
large_airport,General Santos International Airport,GES,PH,General Santos,6.057208,125.096243
medium_airport,Geraldton Airport,GET,AU,Moonyoonooka,-28.796101,114.707001
medium_airport,Gällivare Airport,GEV,SE,Gällivare,67.13240051269531,20.814599990844727
medium_airport,Griffith Airport,GFF,AU,Griffith,-34.2508010864,146.067001343
medium_airport,Grand Forks International Airport,GFK,US,Grand Forks,47.949299,-97.176102
medium_airport,East Texas Regional Airport,GGG,US,Longview,32.38399887084961,-94.71150207519533
medium_airport,Exuma International Airport,GGT,BS,Moss Town,23.562599,-75.877998
medium_airport,Glasgow Valley County Airport Wokal Field,GGW,US,Glasgow,48.212502,-106.614998
medium_airport,Noumérat - Moufdi Zakaria Airport,GHA,DZ,El Atteuf,32.384102,3.79411
medium_airport,Governor's Harbour Airport,GHB,BS,Governor's Harbour,25.2847,-76.331001
medium_airport,Ghat Airport,GHT,LY,Ghat,25.1455993652,10.1426000595
large_airport,Brașov-Ghimbav International Airport,GHV,RO,Brașov (Ghimbav),45.70558,25.522871
large_airport,Gibraltar Airport,GIB,GI,Gibraltar,36.151679,-5.34978
medium_airport,Gitega Airport,GID,BI,Gitega,-3.417209,29.911308
large_airport,Rio Galeão – Tom Jobim International Airport,GIG,BR,Rio De Janeiro,-22.809999,-43.250557
medium_airport,Gilgit Airport,GIL,PK,Gilgit,35.918800354003906,74.33360290527344
medium_airport,Gisborne Airport,GIS,NZ,Gisborne,-38.6633,177.977997
medium_airport,Jizan Regional Airport / King Abdullah bin Abdulaziz Airport,GIZ,SA,Jizan,16.9011,42.5858
medium_airport,La Laguna Airport,GJA,HN,Guanaja,16.4454,-85.906601
large_airport,Jijel Ferhat Abbas Airport,GJL,DZ,Tahir,36.794125,5.873652
medium_airport,Grand Junction Regional Airport,GJT,US,Grand Junction,39.126663,-108.529387
medium_airport,Goroka Airport,GKA,PG,Goronka,-6.081689834590001,145.391998291
medium_airport,Gulkana Airport,GKN,US,Gulkana,62.155859,-145.454662
large_airport,Glasgow Airport,GLA,GB,Glasgow,55.871899,-4.43306
medium_airport,Golfito Airport,GLF,CR,Golfito,8.65401,-83.182198
medium_airport,Mid Delta Regional Airport,GLH,US,Greenville,33.482899,-90.985603
medium_airport,Gladstone Airport,GLT,AU,Gladstone,-23.869763,151.225439
medium_airport,Gemena Airport,GMA,CD,Gemena,3.23537,19.771299
medium_airport,Gambela Airport,GMB,ET,Gambela,8.12876,34.563099
medium_airport,Gomel Airport,GME,BY,Gomel,52.527000427246094,31.016700744628903
medium_airport,Gombe Lawanti International Airport,GMO,NG,Gombe,10.298889,10.9
large_airport,Gimpo International Airport,GMP,KR,Seoul,37.5583,126.791
medium_airport,Golog Maqên Airport,GMQ,CN,Golog (Maqên),34.418066,100.301144
medium_airport,Totegegie Airport,GMR,PF,,-23.07990074157715,-134.88999938964844
medium_airport,Grenoble Alpes Isère Airport,GNB,FR,Grenoble,45.3629,5.32937
large_airport,Maurice Bishop International Airport,GND,GD,Saint George's,12.003996,-61.785302
large_airport,Ganja International Airport,GNJ,AZ,Ganja,40.738692,46.320383
medium_airport,Binaka Airport,GNS,ID,Gunungsitoli,1.166275,97.705196
medium_airport,Gainesville Regional Airport,GNV,US,Gainesville,29.6900997162,-82.2717971802
large_airport,Şanlıurfa GAP Airport,GNY,TR,Şanlıurfa,37.445663,38.895592
large_airport,Genoa Cristoforo Colombo Airport,GOA,IT,Genova (GE),44.412039,8.840732
large_airport,Nuuk International Airport,GOH,GL,Nuuk,64.191066,-51.67914
large_airport,Goa Dabolim International Airport,GOI,IN,Vasco da Gama,15.380062,73.833328
large_airport,Nizhny Novgorod / Strigino International Airport,GOJ,RU,Nizhny Novgorod,56.227351,43.785152
large_airport,Goma International Airport,GOM,CD,Goma,-1.666758,29.238037
medium_airport,Gorakhpur Airport,GOP,IN,Gorakhpur,26.7397003174,83.4496994019
medium_airport,Golmud Airport,GOQ,CN,Golmud,36.4006,94.786102
large_airport,Göteborg Landvetter Airport,GOT,SE,Göteborg,57.6628,12.2798
large_airport,Garoua International Airport,GOU,CM,Garoua,9.334785,13.372129
medium_airport,Gove Airport,GOV,AU,Nhulunbuy,-12.269399642899998,136.817993164
large_airport,Manohar International Airport,GOX,IN,Mopa,15.744257,73.860625
medium_airport,Patras Araxos Agamemnon Airport,GPA,GR,Patras,38.1511,21.4256
medium_airport,Guapi Airport,GPI,CO,Guapi,2.57013,-77.897969
medium_airport,Seymour Galapagos Ecological Airport,GPS,EC,Isla Baltra,-0.453758,-90.2659
medium_airport,Gulfport Biloxi International Airport,GPT,US,Gulfport,30.405582,-89.069836
medium_airport,Austin Straubel International Airport,GRB,US,Green Bay,44.483459,-88.130805
medium_airport,Central Nebraska Regional Airport,GRI,US,Grand Island,40.96749877929688,-98.30960083007812
large_airport,George Airport,GRJ,ZA,George,-34.0056,22.378902
medium_airport,Killeen Regional Airport / Robert Gray Army Airfield,GRK,US,Fort Cavazos,31.0672,-97.828903
large_airport,Girona-Costa Brava Airport,GRO,ES,Girona,41.904639,2.761774
large_airport,Groningen Airport Eelde,GRQ,NL,Groningen,53.119107,6.577652
large_airport,Gerald R. Ford International Airport,GRR,US,Grand Rapids,42.880798,-85.522797
large_airport,São Paulo/Guarulhos–Governor André Franco Montoro International Airport,GRU,BR,São Paulo,-23.431274,-46.469954
large_airport,Akhmat Kadyrov Grozny International Airport,GRV,RU,Grozny,43.388106,45.699772
medium_airport,Graciosa Airport,GRW,PT,Santa Cruz da Graciosa,39.09220123291016,-28.029800415039062
medium_airport,F.G.L. Airport Granada-Jaén Airport,GRX,ES,Granada,37.188702,-3.77736
medium_airport,Grímsey Airport,GRY,IS,Grímsey/Sandvík,66.5458,-18.0173
large_airport,Graz Airport,GRZ,AT,Feldkirchen bei Graz,46.9911,15.4396
large_airport,Qeshm International Airport,GSM,IR,Qeshm(Dayrestan),26.754639,55.902353
large_airport,Piedmont Triad International Airport,GSO,US,Greensboro,36.09937,-79.937262
medium_airport,Greenville-Spartanburg International Airport,GSP,US,Greenville/Greer/Spartanburg,34.895699,-82.218903
medium_airport,Gustavus Airport,GST,US,Gustavus,58.4253006,-135.7070007
large_airport,Gagarin International Airport,GSV,RU,Saratov,51.712778,46.171111
medium_airport,Groote Eylandt Airport,GTE,AU,Groote Eylandt,-13.972405,136.458553
medium_airport,Great Falls International Airport,GTF,US,Great Falls,47.481998,-111.371002
medium_airport,Golden Triangle Regional Airport,GTR,US,Columbus/W Point/Starkville,33.450298,-88.5914
large_airport,La Aurora International Airport,GUA,GT,Guatemala City,14.582896,-90.527515
medium_airport,Gunnison Crested Butte Regional Airport,GUC,US,Gunnison,38.534672,-106.934566
large_airport,Antonio B. Won Pat International Airport,GUM,GU,Hagåtña,13.485,144.797282
medium_airport,Gallup Municipal Airport,GUP,US,Gallup,35.511653,-108.788166
medium_airport,Gurney Airport,GUR,PG,Gurney,-10.3114995956,150.333999634
large_airport,Atyrau International Airport,GUW,KZ,Atyrau,47.121318,51.820343
large_airport,Geneva International Airport,GVA,CH,Geneva,46.238098,6.10895
medium_airport,Coronel Altino Machado Airport,GVR,BR,Governador Valadares,-18.895882,-41.982869
large_airport,New Gwadar International Airport,GWD,PK,Gurandani,25.296733,62.498822
medium_airport,Gwalior Airport,GWL,IN,Gwalior,26.29330062866211,78.22779846191406
medium_airport,Westerland Sylt Airport,GWT,DE,Sylt,54.9132,8.34047
large_airport,Seiyun Hadhramaut International Airport,GXF,YE,Seiyun,15.965887,48.788146
medium_airport,Negage Airport,GXG,AO,Negage,-7.754509925842285,15.287699699401855
medium_airport,Gannan Xiahe Airport,GXH,CN,Gannan (Xiahe),34.819014,102.622261
medium_airport,Guayaramerín Airport,GYA,BO,Guayaramerín,-10.88856,-65.380955
large_airport,Heydar Aliyev International Airport,GYD,AZ,Baku,40.47278,50.050931
large_airport,José Joaquín de Olmedo International Airport,GYE,EC,Guayaquil,-2.15742,-79.883598
medium_airport,General José María Yáñez International Airport,GYM,MX,Guaymas,27.9689998626709,-110.9250030517578
large_airport,Santa Genoveva International Airport,GYN,BR,Goiânia,-16.632,-49.220699
medium_airport,Guangyuan Panlong Airport,GYS,CN,Guangyuan (Lizhou),32.390254,105.694571
medium_airport,Guyuan Liupanshan Airport,GYU,CN,Guyuan (Yuanzhou),36.078889,106.216944
medium_airport,Gary/Chicago International Airport,GYY,US,Gary,41.617087,-87.413206
medium_airport,Gazipaşa-Alanya Airport,GZP,TR,Gazipaşa,36.298832,32.297017
large_airport,Gaziantep Oğuzeli International Airport,GZT,TR,Gaziantep,36.947201,37.478699
medium_airport,Hachijojima Airport,HAC,JP,Hachijojima,33.114843,139.785645
medium_airport,Halmstad Airport,HAD,SE,Halmstad,56.69110107421875,12.820199966430664
large_airport,Prince Said Ibrahim International Airport,HAH,KM,Moroni,-11.5337,43.2719
large_airport,Hannover Airport,HAJ,DE,Hannover,52.461102,9.68508
large_airport,Haikou Meilan International Airport,HAK,CN,Haikou (Meilan),19.9349,110.459
large_airport,Hamburg Helmut Schmidt Airport,HAM,DE,Hamburg,53.630402,9.98823
large_airport,Noi Bai International Airport,HAN,VN,Hanoi (Soc Son),21.221201,105.806999
large_airport,Hanimaadhoo International Airport,HAQ,MV,Haa Dhaalu Atoll,6.743235,73.167072
large_airport,Hail International Airport,HAS,SA,Hail,27.437901,41.686298
medium_airport,"Haugesund Airport, Karmøy",HAU,NO,Karmøy,59.345299,5.20836
large_airport,José Martí International Airport,HAV,CU,Havana,22.989200592041016,-82.40910339355469
large_airport,Hobart International Airport,HBA,AU,Hobart (Cambridge),-42.837032,147.513022
large_airport,Alexandria International Airport,HBE,EG,Alexandria,30.93249,29.696437
medium_airport,Hubballi Airport,HBX,IN,Hubballi,15.361084,75.082096
medium_airport,Hechi Jinchengjiang Airport,HCJ,CN,Hechi (Jinchengjiang),24.804344,107.710819
medium_airport,Holy Cross Airport,HCR,US,Holy Cross,62.18830108642578,-159.77499389648438
medium_airport,Chenzhou Beihu Airport,HCZ,CN,Chenzhou,25.753419,112.845404
medium_airport,Heringsdorf Airport,HDF,DE,Zirchow,53.8787,14.1523
medium_airport,Handan Airport,HDG,CN,Handan,36.524824,114.424126
medium_airport,Hamadan Airport,HDM,IR,Hamadan,34.866416,48.56069
medium_airport,Yampa Valley Airport,HDN,US,Hayden,40.481201,-107.218002
medium_airport,Eastgate Airport / Air Force Base Hoedspruit,HDS,ZA,Hoedspruit,-24.361864,31.052921
large_airport,Hat Yai International Airport,HDY,TH,Hat Yai,6.93321,100.392998
large_airport,Herat - Khwaja Abdullah Ansari International Airport,HEA,AF,Guzara,34.209999,62.228298
medium_airport,Heho Airport,HEH,MM,Heho,20.74714,96.792029
medium_airport,Heihe Aihui Airport,HEK,CN,Heihe,50.171621,127.308884
large_airport,Helsinki Vantaa Airport,HEL,FI,Helsinki (Vantaa),60.318363,24.963341
large_airport,Heraklion International Nikos Kazantzakis Airport,HER,GR,Heraklion,35.339699,25.1803
large_airport,Hohhot Baita International Airport,HET,CN,Hohhot,40.849658,111.824598
medium_airport,Uri Michaeli Haifa International Airport,HFA,IL,Haifa,32.810219,35.043719
large_airport,Hefei Xinqiao International Airport,HFE,CN,Hefei,31.98779,116.9769
medium_airport,Hornafjörður Airport,HFN,IS,Höfn,64.295601,-15.2272
medium_airport,Hammerfest Airport,HFT,NO,Hammerfest,70.679703,23.6686
large_airport,Egal International Airport,HGA,SO,Hargeisa,9.514082,44.083469
large_airport,Hangzhou Xiaoshan International Airport,HGH,CN,Hangzhou,30.23609,120.428865
medium_airport,Itanagar Donyi Polo Hollongi Airport,HGI,IN,Hollongi,26.96683,93.638792
medium_airport,Mae Hong Son Airport,HGN,TH,Mae Hong Son,19.3013,97.9758
medium_airport,Korhogo Airport,HGO,CI,Korhogo,9.38718,-5.55666
medium_airport,Hagerstown Regional Richard A Henson Field,HGR,US,Hagerstown,39.708771,-77.728014
medium_airport,Mount Hagen Kagamuga Airport,HGU,PG,Mount Hagen,-5.828212,144.299412
medium_airport,Hilton Head Airport,HHH,US,Hilton Head Island,32.2244,-80.697502
large_airport,Frankfurt-Hahn Airport,HHN,DE,Frankfurt am Main (Lautzenhausen),49.946353,7.261734
medium_airport,Hua Hin Airport,HHQ,TH,Hua Hin,12.6361999512,99.951499939
medium_airport,Jack Northrop Field Hawthorne Municipal Airport,HHR,US,Hawthorne,33.922798,-118.334999
large_airport,Huai'an Lianshui Airport,HIA,CN,Huai'an,33.792712,119.126657
medium_airport,Range Regional Airport,HIB,US,Hibbing,47.384831,-92.836905
medium_airport,Horn Island Airport,HID,AU,Horn,-10.585636,142.29277
medium_airport,Lake Havasu City Airport,HII,US,Lake Havasu City,34.570506,-114.357745
large_airport,Hiroshima Airport,HIJ,JP,Hiroshima,34.4361,132.919006
medium_airport,Sacheon Airport / Sacheon Air Base,HIN,KR,Sacheon,35.088591,128.071747
large_airport,Honiara International Airport,HIR,SB,Honiara,-9.428,160.054993
medium_airport,Huaihua Zhijiang Airport,HJJ,CN,Huaihua,27.443087,109.704666
medium_airport,Khajuraho Airport,HJR,IN,Khajuraho,24.8172,79.918602
large_airport,Hakodate Airport,HKD,JP,Hakodate,41.77,140.822006
large_airport,Hong Kong International Airport,HKG,HK,Hong Kong,22.31184,113.914862
medium_airport,Hokitika Airfield,HKK,NZ,,-42.713600158691406,170.98500061035156
medium_airport,Hoskins Airport,HKN,PG,Kimbe,-5.463846,150.407327
large_airport,Phuket International Airport,HKT,TH,Phuket,8.113257,98.3174
large_airport,Lanseria International Airport,HLA,ZA,Johannesburg,-25.938964,27.926642
large_airport,Hulunbuir Hailar Airport,HLD,CN,Hailar,49.208616,119.822301
medium_airport,Saint Helena International Airport,HLE,SH,Jamestown,-15.958898,-5.646066
medium_airport,Helena Regional Airport,HLN,US,Helena,46.6068,-111.983002
large_airport,Halim Perdanakusuma International Airport,HLP,ID,Jakarta,-6.266989,106.890318
medium_airport,Hamilton International Airport,HLZ,NZ,Hamilton,-37.866961,175.331952
medium_airport,Khanty Mansiysk Airport,HMA,RU,Khanty-Mansiysk,61.0285,69.086098
large_airport,Suhaj International Airport,HMB,EG,Suhaj,26.342515,31.743017
medium_airport,Hassi Messaoud-Oued Irara Krim Belkacem Airport,HME,DZ,Hassi Messaoud,31.673,6.14044
medium_airport,Hami Airport,HMI,CN,Hami,42.8414,93.669197
large_airport,General Ignacio L. Pesqueira International Airport,HMO,MX,Hermosillo,29.092811,-111.053015
medium_airport,Iwate Hanamaki Airport,HNA,JP,Hanamaki,39.4286,141.134995
large_airport,Tokyo Haneda International Airport,HND,JP,Tokyo,35.549678,139.786958
large_airport,Daniel K. Inouye International Airport,HNL,US,"Honolulu, Oahu",21.318387,-157.92567
medium_airport,Hana Airport,HNM,US,Hana,20.795601,-156.014008
medium_airport,Haines Airport,HNS,US,Haines,59.243921,-135.523925
medium_airport,Lea County Regional Airport,HOB,US,Hobbs,32.6875,-103.217003
large_airport,Al-Ahsa International Airport,HOF,SA,Hofuf,25.285299,49.485199
large_airport,Frank Pais International Airport,HOG,CU,Holguin,20.785148,-76.315526
medium_airport,Hao Airport,HOI,PF,Otepa,-18.0748,-140.945999
medium_airport,Homer Airport,HOM,US,Homer,59.644456,-151.479235
medium_airport,Horta Airport,HOR,PT,Horta,38.519901275634766,-28.715900421142575
medium_airport,Memorial Field Airport,HOT,US,Hot Springs,34.4788,-93.096262
large_airport,William P. Hobby Airport,HOU,US,Houston,29.645336,-95.276812
medium_airport,"Ørsta-Volda Airport, Hovden",HOV,NO,Ørsta,62.180000305176,6.0741000175476
medium_airport,Lifuka Island Airport,HPA,TO,Lifuka,-19.777000427246094,-174.34100341796875
medium_airport,Shennongjia Hongping Airport,HPG,CN,Shennongjia (Hongping),31.626,110.34
large_airport,Cat Bi International Airport,HPH,VN,Haiphong (Hai An),20.817428,106.724315
medium_airport,Westchester County Airport,HPN,US,White Plains,41.06700134277344,-73.70760345458984
medium_airport,Tashikuergan Hongqilafu Airport,HQL,CN,Tashikuergan,37.661333,75.288877
large_airport,Harbin Taiping International Airport,HRB,CN,Harbin,45.623402,126.25
large_airport,Robert Gabriel Mugabe International Airport,HRE,ZW,Harare,-17.931801,31.0928
large_airport,Hurghada International Airport,HRG,EG,Hurghada,27.176776,33.796692
large_airport,Mattala Rajapaksa International Airport,HRI,LK,Mattala,6.283878,81.124163
medium_airport,Valley International Airport,HRL,US,Harlingen,26.228500366210938,-97.65440368652344
medium_airport,Boone County Airport,HRO,US,Harrison,36.26150131225586,-93.15470123291016
large_airport,Hazrat Sultan International Airport,HSA,KZ,Turkıstan,43.311087,68.550352
medium_airport,Shaoguan Danxia Airport,HSC,CN,Shaoguan,24.9786,113.420998
large_airport,Kyushu Saga International Airport,HSG,JP,Saga,33.1497,130.302002
medium_airport,Huslia Airport,HSL,US,Huslia,65.697899,-156.350998
large_airport,Zhoushan Putuoshan International Airport,HSN,CN,Zhoushan,29.933874,122.362307
large_airport,Rajkot International Airport,HSR,IN,Rajkot,22.378824,71.039391
large_airport,Maharaja Agrasen International Airport,HSS,IN,Hisar,29.186065,75.74142
medium_airport,Huntsville International Airport,HSV,US,Huntsville,34.636244,-86.774378
large_airport,Chita-Kadala International Airport,HTA,RU,Chita,52.024841,113.305839
medium_airport,Khatanga Airport,HTG,RU,Khatanga,71.97810363769531,102.49099731445312
medium_airport,Hamilton Island Airport,HTI,AU,Hamilton Island,-20.3581008911,148.95199585
medium_airport,Hotan Airport,HTN,CN,Hotan,37.03850173950195,79.86489868164062
medium_airport,Tri-State Airport / Milton J. Ferguson Field,HTS,US,Huntington,38.366699,-82.557999
medium_airport,Huatugou Airport,HTT,CN,Mengnai,38.201645,90.837843
medium_airport,Hatay Airport,HTY,TR,Antakya,36.36079,36.285589
medium_airport,Huahine-Fare Airport,HUH,PF,Fare,-16.687084,-151.021593
medium_airport,Phu Bai International Airport,HUI,VN,Huế,16.400628,107.703094
large_airport,Hualien Chiashan Airport,HUN,TW,Hualien City,24.023163,121.617991
medium_airport,Holingol Huolinhe Airport,HUO,CN,Holingol,45.487222,119.407222
medium_airport,Alferez Fap David Figueroa Fernandini Airport,HUU,PE,Huánuco,-9.878809928894045,-76.20480346679688
large_airport,Bahías de Huatulco International Airport,HUX,MX,Huatulco,15.775437,-96.260456
medium_airport,Humberside Airport,HUY,GB,"Grimsby, Lincolnshire",53.576152,-0.34954
medium_airport,Huizhou Pingtan Airport,HUZ,CN,Huizhou (Pingtan),23.049999,114.599998
medium_airport,Hervey Bay Airport,HVB,AU,Hervey Bay,-25.320127,152.880662
medium_airport,Khovd Airport,HVD,MN,Khovd,47.954102,91.628197
medium_airport,"Honningsvåg Airport, Valan",HVG,NO,Honningsvåg,71.009697,25.983601
medium_airport,Tweed New Haven Airport,HVN,US,New Haven,41.262869,-72.887694
medium_airport,Havre City County Airport,HVR,US,Havre,48.541387,-109.762859
large_airport,Halwara International Airport,HWR,IN,Halwara,30.748501,75.629799
medium_airport,Haixi Delingha Airport,HXD,CN,Delingha,37.125286,97.268658
medium_airport,Cape Cod Gateway Airport,HYA,US,Hyannis,41.6693,-70.280403
large_airport,Rajiv Gandhi International Airport,HYD,IN,Hyderabad,17.231318,78.429855
medium_airport,Taizhou Luqiao Airport,HYN,CN,Taizhou (Luqiao),28.562201,121.429001
medium_airport,Hays Regional Airport,HYS,US,Hays,38.844521,-99.273148
medium_airport,Heze Mudan Airport,HZA,CN,Heze (Dingtao),35.212972,115.736748
medium_airport,Hanzhong Chenggu Airport,HZG,CN,Hanzhong (Chenggu),33.133527,107.203817
medium_airport,Liping Airport,HZH,CN,Liping,26.32217,109.1499
medium_airport,Igarka Airport,IAA,RU,Igarka,67.437202,86.621902
large_airport,Washington Dulles International Airport,IAD,US,Dulles,38.9445,-77.455803
medium_airport,Niagara Falls International Airport,IAG,US,Niagara Falls,43.1073,-78.946198
large_airport,George Bush Intercontinental Airport,IAH,US,Houston,29.9844,-95.3414
medium_airport,Zarzaitine - In Aménas Airport,IAM,DZ,In Aménas,28.0515,9.64291
medium_airport,Bob Baker Memorial Airport,IAN,US,Kiana,66.976128,-160.439014
large_airport,Golden Ring Yaroslavl International Airport,IAR,RU,Tunoshna,57.560699,40.157398
large_airport,Iaşi International Airport,IAS,RO,Iaşi,47.179633,27.621431
medium_airport,Ibadan Airport,IBA,NG,Ibadan,7.362460136413574,3.97832989692688
medium_airport,Perales Airport,IBE,CO,Ibagué,4.42161,-75.1333
large_airport,Ibaraki Airport,IBR,JP,Omitama,36.181456,140.414434
large_airport,Ibiza Airport,IBZ,ES,Ibiza (Eivissa),38.872898,1.37312
large_airport,Incheon International Airport,ICN,KR,Seoul,37.469101,126.450996
medium_airport,Wichita Dwight D. Eisenhower National Airport,ICT,US,Wichita,37.650314,-97.428583
medium_airport,Idaho Falls Regional Airport,IDA,US,Idaho Falls,43.514599,-112.070999
large_airport,Devi Ahilya Bai Holkar International Airport,IDR,IN,Indore,22.721404,75.80051
medium_airport,Zielona Góra-Babimost Airport,IEG,PL,Nowe Kramsko,52.1385,15.7986
medium_airport,Ísafjörður Airport,IFJ,IS,Ísafjörður,66.058098,-23.1353
large_airport,Isfahan Shahid Beheshti International Airport,IFN,IR,Isfahan,32.755142,51.883877
medium_airport,Ivano-Frankivsk International Airport,IFO,UA,Ivano-Frankivsk,48.88420104980469,24.68610000610352
medium_airport,Inagua Airport,IGA,BS,Matthew Town,20.975,-73.666901
medium_airport,Iğdır Airport,IGD,TR,Iğdır,39.976627,43.876648
medium_airport,Cataratas Del Iguazú International Airport,IGR,AR,Puerto Iguazu,-25.737301,-54.4734
medium_airport,Magas Airport,IGT,RU,Sunzha,43.323268,45.012568
large_airport,Cataratas International Airport,IGU,BR,Foz do Iguaçu,-25.594167,-54.489444
medium_airport,Izhevsk Airport,IJK,RU,Izhevsk,56.834524,53.462172
large_airport,Imam Khomeini International Airport,IKA,IR,Tehran,35.416099548339844,51.15219879150391
medium_airport,Karakol International Airport,IKG,KG,Karakol,42.508099,78.407799
medium_airport,Iki Airport,IKI,JP,Iki,33.7490005493,129.785003662
medium_airport,Tiksi Airport,IKS,RU,Tiksi,71.697700500488,128.90299987793
large_airport,Irkutsk International Airport,IKT,RU,Irkutsk,52.266707,104.395563
large_airport,Issyk-Kul International Airport,IKU,KG,Tamchy,42.585584,76.701181
medium_airport,Lleida-Alguaire Airport,ILD,ES,Lleida,41.728185,0.535023
medium_airport,Wilmington Airport,ILG,US,Wilmington,39.678699,-75.606499
medium_airport,Iliamna Airport,ILI,US,Iliamna,59.754398,-154.910996
medium_airport,Wilmington International Airport,ILM,US,Wilmington,34.272345,-77.905117
large_airport,Iloilo International Airport,ILO,PH,Cabatuan,10.833017,122.493358
medium_airport,Île des Pins Airport,ILP,NC,Île des Pins,-22.5889,167.455994
medium_airport,General Jorge Fernandez Maldon Airport,ILQ,PE,Ilo,-17.695,-71.344002
large_airport,General Tunde Idiagbon International Airport,ILR,NG,Ilorin/Ogbomosho,8.44021,4.49392
medium_airport,Ilopango International Airport,ILS,SV,San Salvador,13.6995,-89.119904
medium_airport,Islay Airport,ILY,GB,"Isle of Islay, Argyll and Bute",55.682708,-6.257525
large_airport,Bir Tikendrajit International Airport,IMF,IN,Imphal,24.76,93.896698
medium_airport,Prefeito Renato Moreira Airport,IMP,BR,Imperatriz,-5.53129,-47.459999
medium_airport,Ford Airport,IMT,US,Kingsford,45.81911,-88.114557
large_airport,Yinchuan Hedong International Airport,INC,CN,Yinchuan,38.322758,106.393214
large_airport,Indianapolis International Airport,IND,US,Indianapolis,39.7173,-86.294403
medium_airport,Inhambane Airport,INH,MZ,Inhambane,-23.8764,35.408501
large_airport,Niš Constantine the Great Airport,INI,RS,Niš,43.336538,21.856242
medium_airport,Falls International Airport,INL,US,International Falls,48.566200256347656,-93.4030990600586
large_airport,Innsbruck Airport,INN,AT,Innsbruck,47.260201,11.344
medium_airport,Nauru International Airport,INU,NR,Yaren,-0.547893,166.919525
medium_airport,Inverness Airport,INV,GB,Inverness,57.5425,-4.0475
medium_airport,In Salah Airport,INZ,DZ,In Salah,27.250999,2.51202
medium_airport,Ioannina King Pyrrhus National Airport,IOA,GR,Ioannina,39.6964,20.8225
large_airport,Isle of Man Airport,IOM,IM,Castletown,54.083081,-4.623871
medium_airport,Bahia - Jorge Amado Airport,IOS,BR,Ilhéus,-14.815929,-39.033458
large_airport,Mataveri International Airport,IPC,CL,Isla De Pascua,-27.165411,-109.421027
large_airport,Sultan Azlan Shah Airport,IPH,MY,Ipoh,4.56733,101.091643
medium_airport,San Luis Airport,IPI,CO,Ipiales,0.861946,-77.671783
medium_airport,Imperial County Airport,IPL,US,Imperial,32.83539,-115.574026
medium_airport,Usiminas Airport,IPN,BR,Ipatinga,-19.470699,-42.487598
medium_airport,Williamsport Regional Airport,IPT,US,Williamsport,41.242126,-76.92245
medium_airport,Qiemo Yudu Airport,IQM,CN,Qiemo,38.234516,85.465462
medium_airport,Qingyang Xifeng Airport,IQN,CN,Qingyang (Xifeng),35.802638,107.598896
large_airport,Diego Aracena International Airport,IQQ,CL,Iquique,-20.536273,-70.181373
large_airport,Coronel FAP Francisco Secada Vignetta International Airport,IQT,PE,Iquitos,-3.78474,-73.3088
medium_airport,Lockhart River Airport,IRG,AU,Lockhart River,-12.7869,143.304993
medium_airport,Capitan V A Almonacid Airport,IRJ,AR,La Rioja,-29.381599,-66.795799
medium_airport,Kirksville Regional Airport,IRK,US,Kirksville,40.09349822998047,-92.5448989868164
medium_airport,Matari Airport,IRP,CD,Isiro,2.82761,27.588301
medium_airport,Mount Isa Airport,ISA,AU,Mount Isa,-20.66638,139.488468
large_airport,Islamabad International Airport,ISB,PK,Attock,33.549,72.82566
medium_airport,Süleyman Demirel International Airport,ISE,TR,Isparta,37.8554,30.368401
medium_airport,New Ishigaki Airport,ISG,JP,Ishigaki,24.396389,124.245
large_airport,Nashik International Airport,ISK,IN,Nashik,20.119101,73.912903
medium_airport,Long Island MacArthur Airport,ISP,US,Islip,40.796324,-73.101703
large_airport,İstanbul Airport,IST,TR,Istanbul,41.274874,28.732136
medium_airport,Jalal Talabani International Airport,ISU,IQ,Sulaymaniyah,35.560487,45.315137
medium_airport,Itaituba Airport,ITB,BR,Itaituba,-4.242131,-56.000651
medium_airport,Ithaca Tompkins Regional Airport,ITH,US,Ithaca,42.49100112915039,-76.4583969116211
large_airport,Osaka Itami International Airport,ITM,JP,Osaka,34.780853,135.440829
medium_airport,Hilo International Airport,ITO,US,Hilo,19.72135,-155.045428
medium_airport,Niue International Airport,IUE,NU,Alofi,-19.080109,-169.923493
medium_airport,Invercargill Airport,IVC,NZ,Invercargill,-46.41239929199219,168.31300354003906
large_airport,Ivalo Airport,IVL,FI,Ivalo,68.6073,27.4053
medium_airport,Ivanovo South Airport,IWA,RU,Ivanovo,56.93939971923828,40.940799713134766
medium_airport,Iwami Airport,IWJ,JP,Masuda,34.676399231,131.789993286
medium_airport,Iwakuni Kintaikyo Airport,IWK,JP,Iwakuni,34.146333,132.247238
medium_airport,Agartala - Maharaja Bir Bikram Airport,IXA,IN,Agartala,23.886999,91.240402
large_airport,Bagdogra Airport,IXB,IN,Siliguri,26.6812,88.328598
large_airport,Shaheed Bhagat Singh International Airport,IXC,IN,Chandigarh,30.6735,76.788498
medium_airport,Prayagraj Airport,IXD,IN,Allahabad,25.4401,81.733902
large_airport,Mangaluru International Airport,IXE,IN,Mangaluru,12.95471,74.886812
medium_airport,Belagavi Airport,IXG,IN,Belgaum,15.8593,74.618301
medium_airport,Lilabari North Lakhimpur Airport,IXI,IN,Lilabari,27.295682,94.097266
medium_airport,Jammu Airport,IXJ,IN,Jammu,32.688849,74.838152
medium_airport,Keshod Airport,IXK,IN,Keshod,21.317101,70.270401
medium_airport,Leh Kushok Bakula Rimpochee Airport,IXL,IN,Leh,34.135899,77.546501
medium_airport,Madurai Airport,IXM,IN,Madurai,9.83450984955,78.09339904790001
medium_airport,Pathankot Airport,IXP,IN,Pathankot,32.233611,75.634444
medium_airport,Birsa Munda Airport,IXR,IN,Ranchi,23.314300537100003,85.3217010498
medium_airport,Silchar Airport,IXS,IN,Silchar,24.9129009247,92.9786987305
medium_airport,Aurangabad Airport,IXU,IN,Aurangabad,19.862875,75.396312
medium_airport,Kandla Airport,IXY,IN,Kandla,23.1127,70.100304
large_airport,Veer Savarkar International Airport / INS Utkrosh,IXZ,IN,Port Blair,11.640194,92.72902
medium_airport,Presidente Itamar Franco Airport,IZA,BR,Juiz de Fora,-21.513086,-43.173069
medium_airport,Izumo Enmusubi Airport,IZO,JP,Izumo,35.413601,132.889999
medium_airport,General Antonio Cárdenas Rodríguez National Airport / Ixtepec Air Base,IZT,MX,Ixtepec,16.445961,-95.093708
medium_airport,Jackson Hole Airport,JAC,US,Jackson,43.6073,-110.737999
medium_airport,Shumba Airport,JAE,PE,Jaén,-5.59248,-78.774002
large_airport,Jaffna International Airport,JAF,LK,Jaffna,9.79233,80.070099
large_airport,Jaipur International Airport,JAI,IN,Jaipur,26.8242,75.812202
medium_airport,Jackson-Medgar Wiley Evers International Airport,JAN,US,Jackson,32.311199,-90.075897
medium_airport,Francisco Carle Airport,JAU,PE,Jauja,-11.7831001282,-75.47339630130001
medium_airport,Ilulissat Airport,JAV,GL,Ilulissat,69.243202,-51.057098
large_airport,Jacksonville International Airport,JAX,US,Jacksonville,30.492469,-81.687813
medium_airport,La Isabela International Airport,JBQ,DO,La Isabela,18.57250022888184,-69.98560333251953
medium_airport,Jonesboro Municipal Airport,JBR,US,Jonesboro,35.83169937133789,-90.64640045166016
large_airport,České Budějovice South Bohemian Airport,JCL,CZ,České Budějovice,48.948171,14.42832
medium_airport,Francisco de Assis Airport,JDF,BR,Juiz de Fora,-21.791482,-43.386072
medium_airport,Jodhpur Airport,JDH,IN,Jodhpur,26.251100540161133,73.04889678955078
medium_airport,Jingdezhen Luojia Airport,JDZ,CN,Jingdezhen,29.3386,117.176003
large_airport,King Abdulaziz International Airport,JED,SA,Jeddah,21.680241,39.157436
medium_airport,Jérémie Airport,JEE,HT,Carrefour Sanon,18.663099,-74.170303
medium_airport,Aasiaat Airport,JEG,GL,Aasiaat,68.721802,-52.784698
medium_airport,Jersey Airport,JER,JE,St. Peter,49.207901,-2.19551
large_airport,John F. Kennedy International Airport,JFK,US,New York,40.639447,-73.779317
medium_airport,Jamnagar Airport,JGA,IN,Jamnagar,22.465499877929688,70.01260375976562
medium_airport,Daxing'anling Elunchun Airport,JGD,CN,Jiagedaqi,50.371389,124.1175
large_airport,Jiayuguan International Airport,JGN,CN,Jiayuguan,39.859052,98.339344
medium_airport,Jinggangshan Airport,JGS,CN,Ji'an,26.856899,114.737
large_airport,Senai International Airport,JHB,MY,Johor Bahru,1.64131,103.669998
large_airport,Xishuangbanna Gasa International Airport,JHG,CN,Jinghong (Gasa),21.974648,100.762224
medium_airport,Kapalua Airport,JHM,US,Lahaina,20.9629,-156.673004
medium_airport,Sisimiut Airport,JHS,GL,Sisimiut,66.951302,-53.729301
large_airport,Djibouti-Ambouli Airport,JIB,DJ,Djibouti City,11.5473,43.1595
medium_airport,Jinchang Jinchuan Airport,JIC,CN,Jinchang,38.542222,102.348333
large_airport,Gerad Wilwal International Airport,JIJ,ET,Jijiga,9.331907,42.911811
medium_airport,Jimma Airport,JIM,ET,Jimma,7.66609001159668,36.81660079956055
medium_airport,Qianjiang Wulingshan Airport,JIQ,CN,Qianjiang,29.5133333333,108.831111111
medium_airport,Comandante Ariston Pessoa Airport,JJD,BR,Cruz,-2.906425,-40.357338
large_airport,Quanzhou Jinjiang International Airport,JJN,CN,Quanzhou,24.795855,118.588599
medium_airport,Qaqortoq Airport,JJU,GL,Qaqortoq,60.76383,-46.065001
medium_airport,Jönköping Airport,JKG,SE,Jönköping,57.757598876953125,14.068699836730955
medium_airport,Chios Island National Airport,JKH,GR,Chios Island,38.34320068359375,26.140600204467773
medium_airport,Janakpur Airport,JKR,NP,Janakpur,26.708799,85.922401
medium_airport,Joplin Regional Airport,JLN,US,Joplin,37.151798,-94.498299
medium_airport,Jabalpur Airport,JLR,IN,Jabalpur,23.177799,80.052002
medium_airport,Lancang Jingmai Airport,JMJ,CN,Pu'er (Lancang),22.417733,99.784012
medium_airport,Mykonos Island National Airport,JMK,GR,Mykonos,37.435101,25.348101
medium_airport,Jamestown Regional Airport,JMS,US,Jamestown,46.92969894,-98.67819977
medium_airport,Jiamusi Songjiang International Airport,JMU,CN,Jiamusi,46.842793,130.46426
large_airport,O.R. Tambo International Airport,JNB,ZA,Johannesburg,-26.140081,28.246801
medium_airport,Jining Da'an Airport,JNG,CN,Jining,35.647358,116.743269
medium_airport,Jiaxing Nanhu Airport,JNH,CN,"Xiuzhou, Hangzhou",30.698056,120.663056
medium_airport,Juneau International Airport,JNU,US,Juneau,58.354935,-134.574416
medium_airport,Jinzhou Bay Airport,JNZ,CN,Jinzhou (Linghai),40.936032,121.277114
medium_airport,Joensuu Airport,JOE,FI,Joensuu,62.658815,29.619398
medium_airport,Adisutjipto International Airport,JOG,ID,Yogyakarta,-7.78818,110.431999
medium_airport,Lauro Carneiro de Loyola Airport,JOI,BR,Joinville,-26.224501,-48.797401
medium_airport,Jolo Airport,JOL,PH,Jolo,6.05367,121.011002
medium_airport,Yakubu Gowon Airport,JOS,NG,Jos,9.639829635620115,8.869050025939941
large_airport,Presidente Castro Pinto International Airport,JPA,BR,João Pessoa,-7.148691,-34.950554
medium_airport,Jorhat Airport,JRH,IN,Jorhat,26.730456,94.175416
large_airport,Kilimanjaro International Airport,JRO,TZ,Arusha,-3.427049,37.07353
medium_airport,Jaisalmer Airport,JSA,IN,,26.8887,70.864998
medium_airport,Sitia Airport,JSH,GR,Crete Island,35.21609878540039,26.101299285888672
medium_airport,Skiathos Island National Airport,JSI,GR,Skiathos,39.177101,23.5037
medium_airport,Jiansanjiang Shidi Airport,JSJ,CN,Jiansanjiang,47.108248,132.65792
medium_airport,Dr. Luciano de Arruda Coelho Regional Airport,JSO,BR,Sobral,-3.614488,-40.231426
medium_airport,Jessore Airport,JSR,BD,Jashore (Jessore),23.1838,89.160797
medium_airport,John Murtha Johnstown Cambria County Airport,JST,US,Johnstown,40.31610107421875,-78.83390045166016
medium_airport,Bauru/Arealva–Moussa Nakhal Tobias State Airport,JTC,BR,Bauru,-22.160755,-49.070325
large_airport,Santorini International Airport,JTR,GR,Santorini Island,36.400045,25.478638
large_airport,Juba International Airport,JUB,SS,Juba,4.87201,31.601101
large_airport,Gobernador Horacio Guzman International Airport,JUJ,AR,San Salvador de Jujuy,-24.392799,-65.097801
large_airport,Inca Manco Capac International Airport,JUL,PE,Juliaca,-15.467689,-70.15653
medium_airport,Quzhou Airport,JUZ,CN,Quzhou (Kezheng),28.96613,118.898793
medium_airport,Jixi Xingkaihu Airport,JXA,CN,Jixi,45.293,131.193
medium_airport,Jyväskylä Airport,JYV,FI,Jyväskylän Maalaiskunta,62.399502,25.678301
medium_airport,Jiuzhai Huanglong Airport,JZH,CN,Ngawa (Songpan),32.853333,103.682222
medium_airport,Kariba Airport,KAB,ZW,Kariba,-16.5198,28.885
medium_airport,Qamishli International Airport,KAC,SY,Qamishli,37.020599,41.191399
large_airport,Kaduna International Airport,KAD,NG,Kaduna,10.696,7.32011
medium_airport,Kaieteur Airport,KAI,GY,Kaieteur Falls,5.177349,-59.48898
medium_airport,Kajaani Airport,KAJ,FI,Kajaani,64.2855,27.6924
large_airport,Mallam Aminu Kano International Airport,KAN,NG,Kano,12.045613,8.523566
medium_airport,Kuusamo Airport,KAO,FI,Kuusamo,65.987602,29.239401
medium_airport,Kaitaia Airport,KAT,NZ,Awanui,-35.069837,173.287053
medium_airport,Kawthoung Airport,KAW,MM,Kawthoung,10.04930019378662,98.53800201416016
large_airport,Kabul International Airport,KBL,AF,Kabul,34.565899,69.212303
medium_airport,Sultan Ismail Petra Airport,KBR,MY,Kota Baharu,6.166850090026856,102.29299926757812
large_airport,Krabi International Airport,KBV,TH,Krabi,8.095591,98.988955
large_airport,Kuching International Airport,KCH,MY,Kuching,1.487364,110.352859
medium_airport,Kahramanmaraş Airport,KCM,TR,Kahramanmaraş,37.5388259888,36.9535217285
medium_airport,Koggala Airport,KCT,LK,Galle,5.993680000305176,80.32029724121094
medium_airport,Krasnoyarsk Cheremshanka Airport,KCY,RU,Krasnoyarsk,56.177584,92.545881
large_airport,Kochi Ryoma Airport,KCZ,JP,Nankoku,33.545217,133.670166
large_airport,Ahmad Shah Baba International Airport,KDH,AF,Kandahar,31.505769,65.847963
medium_airport,Kärdla Airport,KDL,EE,Kärdla,58.99079895019531,22.830699920654297
medium_airport,Kaadedhdhoo Airport,KDM,MV,Huvadhu Atoll,0.488131,72.996902
medium_airport,Kadhdhoo Airport,KDO,MV,Kadhdhoo,1.8591699600219729,73.52189636230469
large_airport,Skardu International Airport,KDU,PK,Skardu,35.33866,75.538648
large_airport,Keflavik International Airport,KEF,IS,Reykjavík,63.985001,-22.6056
large_airport,Alexei Leonov Kemerovo International Airport,KEJ,RU,Kemerovo,55.2701,86.107201
medium_airport,Kemi-Tornio Airport,KEM,FI,Kemi / Tornio,65.778701782227,24.582099914551
medium_airport,Nepalgunj Airport,KEP,NP,Nepalgunj,28.1036,81.667
large_airport,Ayatollah Hashemi Rafsanjani International Airport,KER,IR,Kerman,30.271276,56.949692
medium_airport,Kengtung Airport,KET,MM,Kengtung,21.30159950256348,99.63600158691406
medium_airport,Kananga Airport,KGA,CD,Kananga,-5.90005,22.4692
medium_airport,Kingscote Airport,KGC,AU,,-35.71390151977539,137.52099609375
large_airport,Khrabrovo Airport,KGD,RU,Kaliningrad,54.89161,20.598559
large_airport,Sary-Arka Airport,KGF,KZ,Karaganda,49.670799,73.334396
medium_airport,Kalgoorlie Boulder Airport,KGI,AU,Broadwood,-30.791543,121.464586
large_airport,Kigali International Airport,KGL,RW,Kigali,-1.96863,30.1395
medium_airport,Kogalym International Airport,KGP,RU,Kogalym,62.19039916992188,74.53379821777344
large_airport,"Kos International Airport ""Ippokratis""",KGS,GR,Kos Island,36.794523,27.09115
medium_airport,Kangding Airport,KGT,CN,Garzê (Kangding),30.142464,101.73872
medium_airport,Khoram Abad Airport,KHD,IR,,33.43539810180664,48.282901763916016
medium_airport,Kherson International Airport,KHE,UA,Kherson,46.6758,32.506401
large_airport,Kashgar Laining International Airport,KHG,CN,Kashgar,39.542273,76.02023
large_airport,Kaohsiung International Airport,KHH,TW,Kaohsiung (Xiaogang),22.577101,120.349998
large_airport,Jinnah International Airport,KHI,PK,Karachi,24.9065,67.160797
medium_airport,Khark Airport,KHK,IR,Khark,29.260503,50.322193
large_airport,Nanchang Changbei International Airport,KHN,CN,Nanchang,28.864815,115.90271
medium_airport,Khasab Airport,KHS,OM,Khasab,26.171,56.240601
medium_airport,Khost International Airport,KHT,AF,Khost,33.284605,69.80734
medium_airport,Khabarovsk Novy Airport,KHV,RU,Khabarovsk,48.528338,135.188588
medium_airport,Savannah Airstrip,KHX,UG,Kihihi,-0.7165,29.6997
large_airport,Kish International Airport,KIH,IR,Kish Island,26.525427,53.980462
large_airport,Niigata Airport,KIJ,JP,Niigata,37.954166,139.112189
large_airport,Kirkuk International Airport,KIK,IQ,Kirkuk,35.469501,44.3489
large_airport,Kimberley Airport,KIM,ZA,Kimberley,-28.805401,24.764872
large_airport,Norman Manley International Airport,KIN,JM,Kingston,17.935699462890625,-76.7874984741211
medium_airport,Kerry Airport,KIR,IE,Farranfore,52.180901,-9.52378
large_airport,Kisumu International Airport,KIS,KE,Kisumu,-0.086139,34.728901
large_airport,Kansai International Airport,KIX,JP,Osaka,34.427299,135.244003
large_airport,Krasnoyarsk International Airport,KJA,RU,Krasnoyarsk,56.175743,92.485788
medium_airport,Kurnool Airport,KJB,IN,Orvakal,15.716288,78.16923
medium_airport,Kaili Huangping Airport,KJH,CN,Kaili  (Huangping),26.972,107.988
medium_airport,Burqin Kanas Airport,KJI,CN,Burqin,48.2223,86.9959
medium_airport,Kertajati International Airport,KJT,ID,Kertajati,-6.647384,108.165561
medium_airport,Khon Kaen Airport,KKC,TH,Khon Kaen,16.466600418099997,102.783996582
medium_airport,Kerikeri Airport,KKE,NZ,Kerikeri,-35.259148,173.913317
large_airport,Kitakyushu Airport,KKJ,JP,Kitakyushu,33.845901,131.035004
medium_airport,"Kirkenes Airport, Høybuktmoen",KKN,NO,Kirkenes,69.7258,29.8913
medium_airport,Kaukura Airport,KKR,PF,Raitahiti,-15.6633,-146.884995
medium_airport,Kashan Airport,KKS,IR,Kashan,33.895302,51.577
medium_airport,Kikwit Airport,KKW,CD,Kikwit,-5.03577,18.785601
medium_airport,Kikai Airport,KKX,JP,Kikai,28.3213005066,129.927993774
medium_airport,Kolhapur Airport,KLH,IN,Kolhapur,16.6647,74.289398
large_airport,Kalibo International Airport,KLO,PH,Kalibo,11.6794,122.375999
medium_airport,Kalmar Airport,KLR,SE,Kalmar,56.685501,16.2876
large_airport,Klagenfurt Airport,KLU,AT,Klagenfurt am Wörthersee,46.642502,14.3377
large_airport,Karlovy Vary Airport,KLV,CZ,Karlovy Vary,50.202999,12.915
medium_airport,Klawock Airport,KLW,US,Klawock,55.579201,-133.076004
medium_airport,Kalamata Airport,KLX,GR,Kalamata,37.06829833984375,22.02549934387207
medium_airport,Kerema Airport,KMA,PG,Kerema,-7.96361017227,145.770996094
medium_airport,King Khaled Military City Airport,KMC,SA,King Khaled Military City,27.9009,45.528198
medium_airport,Kamembe Airport,KME,RW,Kamembe,-2.462239980697632,28.907899856567383
large_airport,Kunming Changshui International Airport,KMG,CN,Kunming,25.110313,102.936743
large_airport,Miyazaki Airport,KMI,JP,Miyazaki,31.877199,131.449005
large_airport,Kumamoto Airport,KMJ,JP,Kumamoto,32.837299,130.854996
large_airport,Komatsu Airport / JASDF Komatsu Air Base,KMQ,JP,Kanazawa,36.393407,136.406895
large_airport,Prempeh I International Airport,KMS,GH,Kumasi,6.71456,-1.59082
medium_airport,Kostroma Sokerkino Airport,KMW,RU,Kostroma,57.796902,41.019402
medium_airport,Kindu Airport,KND,CD,Kindu,-2.91917991638,25.9153995514
medium_airport,Utarom Airport,KNG,ID,Kaimana,-3.6446,133.695116
medium_airport,Kinmen Airport,KNH,TW,Shang-I,24.4279,118.359001
large_airport,Kualanamu International Airport,KNO,ID,Beringin,3.637847,98.870566
medium_airport,Koné Airport,KNQ,NC,Koné,-21.053551,164.838768
medium_airport,King Island Airport,KNS,AU,,-39.87749862670898,143.8780059814453
medium_airport,Kanpur Airport,KNU,IN,Kanpur,26.404301,80.410103
medium_airport,East Kimberley Regional (Kununurra) Airport,KNX,AU,Kununurra,-15.7781,128.707993
large_airport,Ellison Onizuka Kona International Airport at Keāhole,KOA,US,Kailua-Kona,19.738783,-156.045603
medium_airport,El Tari Airport,KOE,ID,Kupang,-10.1716,123.670998
medium_airport,Kirkwall Airport,KOI,GB,"Kirkwall, Orkney Islands",58.957903,-2.905077
large_airport,Kagoshima Airport,KOJ,JP,Kagoshima,31.8034,130.718994
medium_airport,Kokkola-Pietarsaari Airport,KOK,FI,Kokkola / Kruunupyy,63.721199,23.143101
medium_airport,Nakhon Phanom Airport,KOP,TH,Nakhon Phanom,17.383801,104.642998
large_airport,Sihanouk International Airport,KOS,KH,Preah Sihanouk,10.570557,103.632067
large_airport,Kokshetau International Airport,KOV,KZ,Kokshetau,53.329102,69.594597
medium_airport,Pohang Airport (G-815/K-3),KPO,KR,Pohang,35.987955,129.420383
medium_airport,Keperveem Airport,KPW,RU,Keperveem,67.845001,166.139999
medium_airport,Kishangarh Airport Ajmer,KQH,IN,Ajmer (Kishangarh),26.591007,74.812956
large_airport,Bokhtar International Airport,KQT,TJ,Bokhtar,37.866315,68.864475
medium_airport,Kramfors-Sollefteå Höga Kusten Airport,KRF,SE,Nyland,63.048599,17.7689
large_airport,Kraków John Paul II International Airport,KRK,PL,Balice,50.077702,19.7848
medium_airport,Korla Licheng Airport,KRL,CN,Korla,41.614979,86.140817
large_airport,Kiruna Airport,KRN,SE,Kiruna,67.821999,20.3368
medium_airport,Kurgan Airport,KRO,RU,Kurgan,55.4753,65.415604
medium_airport,Midtjyllands Airport / Air Base Karup,KRP,DK,Karup,56.297139,9.104311
large_airport,Krasnodar Pashkovsky International Airport,KRR,RU,Krasnodar,45.034465,39.174215
large_airport,Kristiansand Airport,KRS,NO,Kristiansand(Kjevik),58.204201,8.08537
large_airport,Khartoum International Airport,KRT,SD,Khartoum,15.5895,32.5532
medium_airport,Turkmenbaşy International Airport,KRW,TM,Turkmenbaşy,40.062833,53.005085
large_airport,Kosrae International Airport,KSA,FM,Okat,5.35698,162.957993
medium_airport,Košice International Airport,KSC,SK,Košice,48.663101,21.2411
medium_airport,Karlstad Airport,KSD,SE,Karlstad,59.444698,13.3374
large_airport,Kassel Airport,KSF,DE,Calden,51.418395,9.391638
medium_airport,Shahid Ashrafi Esfahani Airport,KSH,IR,Kermanshah,34.3459014893,47.1581001282
medium_airport,Kassala Airport,KSL,SD,Kassala,15.387499809265137,36.328800201416016
large_airport,Kostanay International Airport,KSN,KZ,Kostanay,53.206902,63.550301
medium_airport,"Kristiansund Airport, Kvernberget",KSU,NO,Kvernberget,63.111801,7.82452
medium_airport,Kars Airport,KSY,TR,Kars,40.562198638916016,43.1150016784668
medium_airport,Kotlas Airport,KSZ,RU,Kotlas,61.235801696777344,46.6974983215332
medium_airport,Karratha Airport,KTA,AU,Karratha,-20.712200164799995,116.773002625
medium_airport,Kitadaito Airport,KTD,JP,Kitadaitōjima,25.9447002411,131.32699585
medium_airport,Rahadi Osman Airport,KTG,ID,Ketapang,-1.817165,109.963469
large_airport,Techo International Airport,KTI,KH,Phnom Penh (Boeng Khyang),11.359987,104.921272
large_airport,Tribhuvan International Airport,KTM,NP,Kathmandu,27.6966,85.3591
medium_airport,Ketchikan International Airport,KTN,US,Ketchikan,55.35559845,-131.7140045
medium_airport,Tinson Pen Airport,KTP,JM,Tinson Pen,17.98859977722168,-76.82379913330078
large_airport,Kittilä International Airport,KTT,FI,Kittilä,67.700996,24.8468
large_airport,Katowice Wojciech Korfanty International Airport,KTW,PL,Katowice,50.476015,19.080705
medium_airport,Kuantan Airport,KUA,MY,Kuantan,3.775389909744263,103.20899963378906
large_airport,Kurumoch International Airport,KUF,RU,Samara,53.504902,50.164299
medium_airport,Kushiro Airport,KUH,JP,Kushiro,43.041,144.192993
large_airport,Kuala Lumpur International Airport,KUL,MY,Sepang,2.74558,101.709999
medium_airport,Yakushima Airport,KUM,JP,Yakushima,30.385599,130.658997
large_airport,Kaunas International Airport,KUN,LT,Kaunas,54.963965,24.08582
large_airport,Kuopio Airport,KUO,FI,Kuopio / Siilinjärvi,63.007099,27.7978
medium_airport,Kulusuk Airport,KUS,GL,Kulusuk,65.573601,-37.1236
large_airport,David the Builder Kutaisi International Airport,KUT,GE,Kopitnari,42.177448,42.485353
medium_airport,Kullu Manali Airport,KUU,IN,Bhuntar,31.876699,77.154404
medium_airport,Gunsan Airport / Gunsan Air Base,KUV,KR,Gunsan,35.903801,126.615997
large_airport,Kavala Alexander the Great International Airport,KVA,GR,Kavala,40.9133,24.6192
medium_airport,Kavieng Airport,KVG,PG,Kavieng,-2.57940006256,150.807998657
medium_airport,Morava Airport,KVO,RS,Kraljevo,43.817519,20.586662
medium_airport,Pobedilovo Airport,KVX,RU,Kirov,58.503883,49.347831
medium_airport,Bucholz Army Air Field,KWA,MH,Kwajalein,8.720120429992676,167.73199462890625
large_airport,Guiyang Longdongbao International Airport,KWE,CN,Guiyang (Nanming),26.541805,106.80402
medium_airport,Kryvyi Rih International Airport,KWG,UA,Kryvyi Rih,48.04330062866211,33.209999084472656
large_airport,Kuwait International Airport,KWI,KW,Kuwait City,29.224487,47.969813
medium_airport,Gwangju Airport,KWJ,KR,Gwangju,35.123173,126.805444
large_airport,Guilin Liangjiang International Airport,KWL,CN,Guilin (Lingui),25.219828,110.039553
medium_airport,Kowanyama Airport,KWM,AU,Kowanyama,-15.485369,141.752572
medium_airport,Kolwezi Airport,KWZ,CD,Kolwezi,-10.7659,25.505699
medium_airport,Sangia Nibandera Airport,KXB,ID,Kolaka,-4.338158,121.524047
medium_airport,Komsomolsk-on-Amur Airport,KXK,RU,Komsomolsk-on-Amur,50.40900039672852,136.9340057373047
large_airport,Konya Airport,KYA,TR,Konya,37.979,32.561901
medium_airport,Lanyu Airport,KYD,TW,Orchid Island,22.027000427246094,121.53500366210938
medium_airport,Kyaukpyu Airport,KYP,MM,Kyaukpyu,19.42639923095703,93.53479766845705
medium_airport,Kayes Dag Dag Airport,KYS,ML,Kayes,14.482521,-11.399335
medium_airport,Kyzyl Airport,KYZ,RU,Kyzyl,51.669399,94.400597
medium_airport,Kozani National Airport Filippos,KZI,GR,Kozani,40.286098,21.840799
large_airport,Kazan International Airport,KZN,RU,Kazan,55.606201,49.278702
large_airport,Korkyt Ata International Airport,KZO,KZ,Kyzylorda,44.706902,65.592499
large_airport,Quatro de Fevereiro International Airport,LAD,AO,Luanda,-8.85837,13.2312
large_airport,Nadzab Tomodachi International Airport,LAE,PG,Lae,-6.567995,146.726544
medium_airport,Purdue University Airport,LAF,US,West Lafayette,40.412875,-86.939363
medium_airport,Lages Airport,LAJ,BR,Lages,-27.782101,-50.281502
medium_airport,Lakeland Linder International Airport,LAL,US,Lakeland,27.989267,-82.020715
medium_airport,Capital Region International Airport,LAN,US,Lansing,42.777582,-84.585721
large_airport,Laoag International Airport,LAO,PH,Laoag City,18.175089,120.531006
medium_airport,Manuel Márquez de León International Airport,LAP,MX,La Paz,24.072331,-110.362662
large_airport,Al Abraq International Airport,LAQ,LY,Al Albraq,32.789036,21.954864
medium_airport,Laramie Regional Airport,LAR,US,Laramie,41.31209945678711,-105.6750030517578
large_airport,Harry Reid International Airport,LAS,US,Las Vegas,36.083361,-115.151817
medium_airport,Manda Airport,LAU,KE,Lamu,-2.252431,40.912892
medium_airport,Lawton Fort Sill Regional Airport,LAW,US,Lawton,34.567699,-98.416603
large_airport,Los Angeles International Airport,LAX,US,Los Angeles,33.942501,-118.407997
large_airport,Leeds Bradford Airport,LBA,GB,"Leeds, West Yorkshire",53.865898,-1.66057
medium_airport,Lubbock Preston Smith International Airport,LBB,US,Lubbock,33.663601,-101.822998
medium_airport,Lübeck Blankensee Airport,LBC,DE,Lübeck,53.805401,10.7192
large_airport,Khujand International Airport,LBD,TJ,Khujand,40.215401,69.694702
medium_airport,Arnold Palmer Regional Airport,LBE,US,Latrobe,40.275902,-79.4048
medium_airport,North Platte Regional Airport Lee Bird Field,LBF,US,North Platte,41.12620163,-100.6839981
large_airport,Paris-Le Bourget International Airport,LBG,FR,Paris,48.962276,2.436539
medium_airport,Liberal Mid-America Regional Airport,LBL,US,Liberal,37.0442009,-100.9599991
medium_airport,Labasa Airport,LBS,FJ,Labasa,-16.4667,179.339996
medium_airport,Labuan Airport,LBU,MY,Labuan,5.301667,115.248333
large_airport,Libreville Leon M'ba International Airport,LBV,GA,Libreville,0.458951,9.41214
large_airport,Larnaca International Airport,LCA,CY,Larnaca,34.875099,33.624901
medium_airport,Golosón International Airport,LCE,HN,La Ceiba,15.7425,-86.852997
medium_airport,A Coruña Airport,LCG,ES,Culleredo,43.302101,-8.37726
medium_airport,Lake Charles Regional Airport,LCH,US,Lake Charles,30.126100540161133,-93.22329711914062
large_airport,Łódź Władysław Reymont Airport,LCJ,PL,Łódź,51.721901,19.3981
medium_airport,Rickenbacker International Airport,LCK,US,Columbus,39.813801,-82.927803
medium_airport,Liancheng Guanzhishan Airport,LCX,CN,Longyan (Liancheng),25.67592,116.745907
medium_airport,London City Airport,LCY,GB,London,51.505299,0.055278
medium_airport,Governor José Richa Airport,LDB,BR,Londrina,-23.334375,-51.128365
medium_airport,Tarbes-Lourdes-Pyrénées Airport,LDE,FR,Tarbes/Lourdes/Pyrénées,43.178699,-0.006439
medium_airport,Yichun Lindu Airport,LDS,CN,Yichun,47.752056,129.019125
medium_airport,Lahad Datu Airport,LDU,MY,Lahad Datu,5.03241,118.32376
medium_airport,Saint-Laurent-du-Maroni Airport,LDX,GF,Saint-Laurent-du-Maroni,5.481891,-54.034964
medium_airport,City of Derry Airport,LDY,GB,"Derry, Derry and Strabane",55.042801,-7.16111
medium_airport,Learmonth Airport,LEA,AU,Exmouth,-22.235201,114.090024
medium_airport,Lebanon Municipal Airport,LEB,US,Lebanon,43.6260986328,-72.30419921880001
large_airport,Pulkovo Airport,LED,RU,St. Petersburg,59.800301,30.262501
medium_airport,Almería Airport,LEI,ES,Almería,36.843899,-2.3701
large_airport,Leipzig/Halle Airport,LEJ,DE,Schkeuditz,51.420657,12.232705
medium_airport,León Airport,LEN,ES,La Virgen del Camino,42.590709,-5.653406
medium_airport,Leinster Airport,LER,AU,,-27.843299865722656,120.7030029296875
medium_airport,Alfredo Vásquez Cobo International Airport,LET,CO,Leticia,-4.191147,-69.942003
medium_airport,Pirineus - la Seu d'Urgel Airport,LEU,ES,La Seu d'Urgell Pyrenees and Andorra,42.3386,1.40917
medium_airport,Blue Grass Airport,LEX,US,Lexington,38.035066,-84.606738
medium_airport,Lamerd Airport,LFM,IR,Lamerd,27.3727,53.188801
medium_airport,Linfen Yaodu Airport,LFQ,CN,Linfen (Yaodu),36.132629,111.641236
medium_airport,Lafayette Regional Airport,LFT,US,Lafayette,30.205299,-91.987602
large_airport,Lomé–Tokoin International Airport,LFW,TG,Lomé,6.16561,1.25451
large_airport,LaGuardia Airport,LGA,US,New York,40.777199,-73.872597
large_airport,Long Beach International Airport,LGB,US,Long Beach,33.816523,-118.149891
medium_airport,Liège Airport,LGG,BE,Grâce-Hollogne,50.638574,5.443897
medium_airport,Deadman's Cay Airport,LGI,BS,Deadman's Cay,23.1790008545,-75.09359741210001
large_airport,Langkawi International Airport,LGK,MY,Langkawi,6.32973,99.728699
large_airport,London Gatwick Airport,LGW,GB,London,51.148744,-0.185739
large_airport,Allama Iqbal International Airport,LHE,PK,Lahore,31.521601,74.403603
medium_airport,Lightning Ridge Airport,LHG,AU,,-29.452857,147.977146
medium_airport,Lachin International Airport,LHL,AZ,Lachin,39.883787,46.363137
large_airport,London Heathrow Airport,LHR,GB,London,51.470748,-0.459909
medium_airport,Las Heras Airport,LHS,AR,Las Heras,-46.538517,-68.965323
large_airport,Lanzhou Zhongchuan International Airport,LHW,CN,Lanzhou (Yongdeng),36.515202,103.620003
medium_airport,Lifou Airport,LIF,NC,Lifou,-20.774563,167.239328
medium_airport,Limoges Airport,LIG,FR,Limoges/Bellegarde,45.862801,1.17944
large_airport,Lihue Airport,LIH,US,"Lihue, Kauai",21.974393,-159.337146
large_airport,Lille Airport,LIL,FR,Lesquin,50.566564,3.102429
large_airport,Jorge Chávez International Airport,LIM,PE,Lima,-12.0219,-77.114305
large_airport,Milano Linate Airport,LIN,IT,Segrate (MI),45.445099,9.27674
medium_airport,Limón International Airport,LIO,CR,Limón,9.95796,-83.022003
large_airport,Daniel Oduber Quirós International Airport,LIR,CR,Liberia,10.5933,-85.544403
large_airport,Lisbon Humberto Delgado Airport,LIS,PT,Lisbon,38.7813,-9.13592
medium_airport,Bill & Hillary Clinton National Airport/Adams Field,LIT,US,Little Rock,34.729222,-92.223591
medium_airport,Loikaw Airport,LIW,MM,Loikaw,19.691499710083008,97.2147979736328
large_airport,Lijiang Sanyi International Airport,LJG,CN,Lijiang,26.677483,100.244944
large_airport,Ljubljana Jože Pučnik Airport,LJU,SI,Zgornji Brnik,46.223701,14.4576
medium_airport,"Lakselv Airport, Banak",LKL,NO,Lakselv,70.068802,24.973499
medium_airport,Leknes Airport,LKN,NO,Leknes,68.152496337891,13.609399795532
large_airport,Chaudhary Charan Singh International Airport,LKO,IN,Lucknow,26.760599,80.889297
large_airport,Luleå Airport,LLA,SE,Luleå,65.5438,22.122
medium_airport,Yongzhou Lingling Airport,LLF,CN,Yongzhou,26.338661,111.610043
medium_airport,Lüliang Dawu Airport,LLV,CN,Lüliang,37.683333,111.142778
large_airport,Kamuzu International Airport,LLW,MW,Lumbadzi,-13.7894,33.780998
medium_airport,Le Mans-Arnage Airport,LME,FR,"Le Mans, Sarthe",47.948604,0.201702
medium_airport,Valle del Fuerte International Airport,LMM,MX,Los Mochis,25.685503,-109.081159
medium_airport,Limbang Airport,LMN,MY,Limbang,4.808300018310547,115.01000213623048
medium_airport,Lampedusa Airport,LMP,IT,Lampedusa,35.497898,12.6181
medium_airport,Lincang Boshang Airport,LNJ,CN,Lincang,23.7381,100.025002
medium_airport,Lincoln Airport,LNK,US,Lincoln,40.844882,-96.76178
medium_airport,Longnan Chengzhou Airport,LNL,CN,Longnan (Cheng),33.789918,105.790014
medium_airport,Leonora Airport,LNO,AU,Leonora,-28.87809944152832,121.31500244140624
medium_airport,Lancaster Airport,LNS,US,Lancaster,40.121700286865234,-76.29609680175781
medium_airport,Lanai Airport,LNY,US,Lanai City,20.785675,-156.951324
large_airport,Linz-Hörsching Airport,LNZ,AT,Linz,48.235362,14.188128
medium_airport,Loei Airport,LOE,TH,,17.43910026550293,101.72200012207033
large_airport,Lombok International Airport,LOP,ID,"Mataram (Pujut, Lombok Tengah)",-8.759962,116.278169
large_airport,Murtala Muhammed International Airport,LOS,NG,Lagos,6.57737,3.32116
large_airport,Gran Canaria Airport,LPA,ES,Gran Canaria Island,27.9319,-15.3866
large_airport,El Alto International Airport,LPB,BO,La Paz / El Alto,-16.510272,-68.189416
medium_airport,Liupanshui Yuezhao Airport,LPF,CN,Liupanshui (Zhongshan),26.609417,104.979
large_airport,Linköping City Airport,LPI,SE,Linköping,58.404909,15.684499
medium_airport,Lipetsk Airport,LPK,RU,Lipetsk,52.70280075073242,39.53779983520508
large_airport,Liverpool John Lennon Airport,LPL,GB,Liverpool,53.334863,-2.849637
large_airport,Lappeenranta Airport,LPP,FI,Lappeenranta,61.044601,28.144743
large_airport,Luang Phabang International Airport,LPQ,LA,Luang Phabang,19.904273,102.167191
medium_airport,Lampang Airport,LPT,TH,,18.27090072631836,99.50420379638672
medium_airport,Laredo International Airport,LRD,US,Laredo,27.5438,-99.461601
medium_airport,Longreach Airport,LRE,AU,Longreach,-23.4342,144.279999
medium_airport,La Rochelle Île de Ré Airport,LRH,FR,La Rochelle,46.179199,-1.19528
large_airport,Casa De Campo International Airport,LRM,DO,La Romana,18.452222,-68.911111
medium_airport,Lar Airport,LRR,IR,Lar,27.6747,54.383301
medium_airport,Lorient South Brittany (Bretagne Sud) Airport,LRT,FR,Lorient/Lann/Bihoué,47.760601,-3.44
medium_airport,Las Cruces International Airport,LRU,US,Las Cruces,32.289398,-106.921997
medium_airport,La Florida Airport,LSC,CL,La Serena-Coquimbo,-29.916201,-71.199501
medium_airport,La Crosse Regional Airport,LSE,US,La Crosse,43.879002,-91.256699
medium_airport,Lashio Airport,LSH,MM,Lashio,22.9778995513916,97.752197265625
medium_airport,Sumburgh Airport,LSI,GB,"Lerwick, Shetland",59.878899,-1.29556
medium_airport,Josefa Camejo International Airport,LSP,VE,Paraguaná,11.780775,-70.151497
medium_airport,Alas Leuser Airport,LSR,ID,Kutacane,3.391456,97.863726
medium_airport,Launceston Airport,LST,AU,Launceston (Western Junction),-41.544935,147.210785
medium_airport,Lismore Airport,LSY,AU,Lismore,-28.830689,153.258419
medium_airport,Ghadames Airport,LTD,LY,Ghadames,30.145484,9.702095
medium_airport,Altai Airport,LTI,MN,Altai,46.37639999389648,96.22109985351562
medium_airport,Latakia International Airport,LTK,SY,Latakia,35.4011,35.9487
medium_airport,Lethem Airport,LTM,GY,Lethem,3.37276,-59.789398
large_airport,London Luton Airport,LTN,GB,"Luton, Luton",51.874699,-0.368333
large_airport,Loreto International Airport,LTO,MX,Loreto,25.989549,-111.348408
medium_airport,Murod Kond Airport,LTU,IN,Latur,18.411501,76.464699
medium_airport,Cotopaxi International Airport,LTX,EC,Latacunga,-0.906833,-78.615799
medium_airport,Tenzing-Hillary Airport,LUA,NP,Lukla,27.686768,86.729479
medium_airport,Luderitz Airport,LUD,,Luderitz,-26.687400817871094,15.242899894714355
medium_airport,Lugano Airport,LUG,CH,Agno,46.004299,8.91058
medium_airport,Cincinnati Municipal Airport Lunken Field,LUK,US,Cincinnati,39.102357,-84.418945
medium_airport,Dehong Mangshi International Airport,LUM,CN,Dehong (Mangshi),24.4011,98.5317
large_airport,Kenneth Kaunda International Airport,LUN,ZM,Lusaka,-15.330833,28.452722
medium_airport,Brigadier Mayor D Cesar Raul Ojeda Airport,LUQ,AR,San Luis,-33.273201,-66.3564
medium_airport,Cape Lisburne LRRS Airport,LUR,US,Cape Lisburne,68.875099,-166.110001
medium_airport,Karel Sadsuitubun Airport,LUV,ID,Langgur,-5.760278,132.759444
large_airport,Luxembourg-Findel International Airport,LUX,LU,Luxembourg,49.626845,6.212134
large_airport,Lublin Airport,LUZ,PL,Lublin,51.240157,22.713461
large_airport,Harry Mwanga Nkumbula International Airport,LVI,ZM,Livingstone,-17.821524,25.819642
medium_airport,Greenbrier Valley Airport,LWB,US,Lewisburg,37.857914,-80.400438
large_airport,Shirak International Airport,LWN,AM,Gyumri,40.750401,43.859299
large_airport,Lviv International Airport,LWO,UA,Lviv,49.8125,23.9561
medium_airport,Lewiston Nez Perce County Airport,LWS,US,Lewiston,46.3745002746582,-117.01499938964844
large_airport,Lhasa Gonggar International Airport,LXA,CN,Shannan (Gonggar),29.298001,90.911951
large_airport,Luxor International Airport,LXR,EG,Luxor,25.671018,32.706446
large_airport,Luoyang Beijiao Airport,LYA,CN,Luoyang (Laocheng),34.7411,112.388
medium_airport,Lycksele Airport,LYC,SE,Lycksele,64.548302,18.7162
large_airport,Lianyungang Huaguoshan International Airport,LYG,CN,Lianyungang,34.41406,119.17899
medium_airport,Lynchburg Regional Airport - Preston Glenn Field,LYH,US,Lynchburg,37.326698,-79.200401
medium_airport,Linyi Qiyang Airport,LYI,CN,Linyi (Hedong),35.052918,118.411828
large_airport,Faisalabad International Airport,LYP,PK,Faisalabad,31.364923,72.995319
medium_airport,"Svalbard Airport, Longyear",LYR,NO,Longyearbyen,78.246101,15.4656
large_airport,Lyon Saint-Exupéry Airport,LYS,FR,"Colombier-Saugnieu, Rhône",45.725996,5.090139
medium_airport,Langzhong Gucheng Airport,LZG,CN,Nanchong (Langzhong),31.50191,106.034417
medium_airport,Liuzhou Bailian Airport / Bailian Air Base,LZH,CN,Liuzhou (Liujiang),24.2075,109.390999
medium_airport,Matsu Nangan Airport,LZN,TW,Matsu (Nangan),26.159656,119.958376
medium_airport,Luzhou Yunlong Airport,LZO,CN,Luzhou (Yunlong),29.030357,105.468407
medium_airport,Nyingchi Mainling Airport,LZY,CN,Nyingchi (Mainling),29.303301,94.335297
large_airport,Chennai International Airport,MAA,IN,Chennai,12.990005,80.169296
medium_airport,João Correa da Rocha Airport,MAB,BR,Marabá,-5.36859,-49.138
large_airport,Adolfo Suárez Madrid–Barajas Airport,MAD,ES,Madrid,40.493407,-3.572249
medium_airport,Midland International Air and Space Port,MAF,US,Midland,31.942499,-102.202003
medium_airport,Madang Airport,MAG,PG,Madang,-5.20707988739,145.789001465
large_airport,Menorca Airport,MAH,ES,Mahón (Maó),39.862598,4.21865
large_airport,Marshall Islands International Airport,MAJ,MH,Majuro Atoll,7.06511,171.271656
medium_airport,Malakal International Airport,MAK,SS,Malakal,9.558739,31.651937
medium_airport,General Servando Canales International Airport,MAM,MX,Matamoros,25.7698993683,-97.5252990723
large_airport,Manchester Airport,MAN,GB,"Manchester, Greater Manchester",53.349375,-2.279521
large_airport,Eduardo Gomes International Airport,MAO,BR,Manaus,-3.03861,-60.049702
medium_airport,Mae Sot Airport,MAQ,TH,,16.699899673461914,98.54509735107422
large_airport,La Chinita International Airport,MAR,VE,Maracaibo,10.557542,-71.729307
medium_airport,Momote Airport,MAS,PG,Manus Island,-2.06189,147.423996
medium_airport,Maupiti Airport,MAU,PF,,-16.42650032043457,-152.24400329589844
medium_airport,Eugenio Maria De Hostos Airport,MAZ,PR,Mayaguez,18.255699157714844,-67.14849853515625
large_airport,Moi International Airport,MBA,KE,Mombasa,-4.03483,39.5942
medium_airport,Mmabatho International Airport,MBD,ZA,Mafeking,-25.798400878900004,25.5480003357
medium_airport,Monbetsu Airport,MBE,JP,Monbetsu,44.3039016724,143.404006958
medium_airport,Songwe Airport,MBI,TZ,Mbeya,-8.919942,33.273981
large_airport,Sangster International Airport,MBJ,JM,Montego Bay,18.50342,-77.91323
medium_airport,MBS International Airport,MBS,US,Freeland,43.533181,-84.083104
medium_airport,Moises R. Espinosa Airport,MBT,PH,Masbate,12.369682,123.630095
medium_airport,Melbourne Moorabbin Airport,MBW,AU,Melbourne,-37.977765,145.099799
medium_airport,Maribor Edvard Rusjan Airport,MBX,SI,Maribor,46.4799,15.6861
medium_airport,Merced Regional Macready Field,MCE,US,Merced,37.284698,-120.514
medium_airport,McGrath Airport,MCG,US,McGrath,62.95289993,-155.6060028
large_airport,Kansas City International Airport,MCI,US,Kansas City,39.301699,-94.713893
medium_airport,McCook Ben Nelson Regional Airport,MCK,US,McCook,40.207787,-100.592794
medium_airport,Middle Georgia Regional Airport,MCN,US,Macon,32.69279861450195,-83.64920043945312
large_airport,Orlando International Airport,MCO,US,Orlando,28.429399490356445,-81.30899810791016
medium_airport,Macapá - Alberto Alcolumbre International Airport,MCP,BR,Macapá,0.050664,-51.072201
large_airport,Muscat International Airport,MCT,OM,Muscat/Seeb,23.600218,58.285268
medium_airport,Mason City Municipal Airport,MCW,US,Mason City,43.159801,-93.329716
large_airport,Makhachkala Uytash International Airport,MCX,RU,Makhachkala,42.816799,47.652302
large_airport,Sunshine Coast Airport,MCY,AU,Maroochydore,-26.593324,153.08319
large_airport,Zumbi dos Palmares International Airport,MCZ,BR,Maceió,-9.512559,-35.791839
large_airport,Sam Ratulangi International Airport,MDC,ID,Manado,1.548591,124.92625
large_airport,Jose Maria Córdova International Airport,MDE,CO,Medellín,6.16454,-75.4231
medium_airport,Mudanjiang Hailang International Airport,MDG,CN,Mudanjiang,44.525172,129.568634
medium_airport,Makurdi Airport,MDI,NG,Makurdi,7.70388,8.61394
medium_airport,Mbandaka Airport,MDK,CD,Mbandaka,0.0226000007242,18.2887001038
large_airport,Mandalay International Airport,MDL,MM,Mandalay,21.70219993591309,95.97789764404295
medium_airport,Ástor Piazzola International Airport,MDQ,AR,Mar del Plata,-37.9342,-57.5733
medium_airport,Harrisburg International Airport,MDT,US,Harrisburg,40.192838,-76.762333
medium_airport,Mendi Airport,MDU,PG,Mendi,-6.14774,143.656998
large_airport,Chicago Midway International Airport,MDW,US,Chicago,41.785999,-87.752403
large_airport,Governor Francisco Gabrielli International Airport,MDZ,AR,Mendoza,-32.831699,-68.7929
medium_airport,Melbourne Essendon Airport,MEB,AU,Essendon Fields,-37.7281,144.901993
medium_airport,Eloy Alfaro International Airport,MEC,EC,Manta,-0.9460780024528505,-80.67880249023438
large_airport,Prince Mohammad Bin Abdulaziz Airport,MED,SA,Medina,24.5534,39.705101
medium_airport,Maré Airport,MEE,NC,Maré,-21.482438,168.038465
medium_airport,Malanje Airport,MEG,AO,Malanje,-9.525090217590332,16.312400817871094
medium_airport,Mehamn Airport,MEH,NO,Mehamn,71.029701,27.8267
medium_airport,Key Field / Meridian Regional Airport,MEI,US,Meridian,32.3326,-88.7519
large_airport,Melbourne Airport,MEL,AU,Melbourne,-37.670732,144.837898
large_airport,Memphis International Airport,MEM,US,Memphis,35.043845,-89.97634
medium_airport,Cut Nyak Dhien Airport,MEQ,ID,Kuala Pesisir,4.040998,96.253312
large_airport,Mexico City Benito Juárez International Airport,MEX,MX,Mexico City,19.435822,-99.07033
medium_airport,McAllen Miller International Airport,MFE,US,McAllen,26.176141,-98.237965
medium_airport,Matsu Beigan Airport,MFK,TW,Matsu (Beigan),26.22414,120.002679
large_airport,Macau International Airport,MFM,MO,Nossa Senhora do Carmo,22.149599,113.592003
medium_airport,Rogue Valley International-Medford Airport,MFR,US,Medford,42.374199,-122.873001
large_airport,Mfuwe International Airport,MFU,ZM,Mfuwe,-13.2589,31.9366
large_airport,Augusto C. Sandino (Managua) International Airport,MGA,NI,Managua,12.1415,-86.168198
medium_airport,Mount Gambier Airport,MGB,AU,Mount Gambier,-37.744382,140.780561
medium_airport,Michigan City Municipal Airport,MGC,US,Michigan City,41.7033,-86.821198
medium_airport,Regional de Maringá - Sílvio Name Júnior Airport,MGF,BR,Maringá,-23.47606,-52.016187
medium_airport,Margate Airport,MGH,ZA,Margate,-30.8574008942,30.343000412
medium_airport,Montgomery Regional (Dannelly Field) Airport,MGM,US,Montgomery,32.300598,-86.393997
large_airport,Aden Adde International Airport,MGQ,SO,Mogadishu,2.01444,45.304699
medium_airport,Morgantown Municipal Airport Walter L. (Bill) Hart Field,MGW,US,Morgantown,39.643305,-79.917598
medium_airport,Myeik Airport,MGZ,MM,Mkeik,12.439800262451172,98.62149810791016
large_airport,Mashhad International Airport,MHD,IR,Mashhad,36.234821,59.642949
medium_airport,Mannheim-City Airport,MHG,DE,Mannheim,49.473057,8.514167
medium_airport,Leonard M. Thompson International Airport,MHH,BS,Marsh Harbour,26.510711,-77.084262
medium_airport,Manhattan Regional Airport,MHK,US,Manhattan,39.14099884033203,-96.6707992553711
large_airport,Mariehamn Airport,MHQ,FI,Mariehamn,60.1222,19.898199
medium_airport,Manchester-Boston Regional Airport,MHT,US,Manchester,42.932598,-71.435699
medium_airport,Mount Hotham Airport,MHU,AU,Mount Hotham,-37.0475006104,147.333999634
large_airport,Miami International Airport,MIA,US,Miami,25.796011,-80.289751
large_airport,Manuel Crescencio Rejón International Airport,MID,MX,Mérida,20.930485,-89.645462
medium_airport,Mianyang Nanjiao Airport,MIG,CN,Mianyang (Fucheng),31.428101,104.740997
medium_airport,Frank Miloye Milenkowichi–Marília State Airport,MII,BR,Marília,-22.196899,-49.926485
medium_airport,Merimbula Airport,MIM,AU,Merimbula,-36.9085998535,149.901000977
medium_airport,Monastir Habib Bourguiba International Airport,MIR,TN,Monastir,35.75809860229492,10.75469970703125
large_airport,Maiduguri International Airport,MIU,NG,Maiduguri,11.854163,13.080702
medium_airport,"Mosjøen Airport, Kjærstad",MJF,NO,Mosjøen,65.783997,13.2149
large_airport,Mitiga International Airport,MJI,LY,Tripoli,32.89177,13.287878
medium_airport,Shark Bay Airport,MJK,AU,Denham,-25.897294,113.575802
medium_airport,Mbuji Mayi Airport,MJM,CD,Mbuji Mayi,-6.121240139010001,23.5690002441
large_airport,Amborovy Airport,MJN,MG,Mahajanga,-15.666842,46.351233
medium_airport,Mytilene International Airport,MJT,GR,Mytilene,39.057406,26.598629
medium_airport,Mirny Airport,MJZ,RU,Mirny,62.534698486328125,114.03900146484376
large_airport,General Mitchell International Airport,MKE,US,Milwaukee,42.947201,-87.896599
medium_airport,Muskegon County Airport,MKG,US,Muskegon,43.169498,-86.238197
medium_airport,Molokai Airport,MKK,US,Kaunakakai,21.152901,-157.095993
medium_airport,McKellar-Sipes Regional Airport,MKL,US,Jackson,35.599899,-88.915604
medium_airport,Mukah Airport,MKM,MY,Mukah,2.881944,112.043333
medium_airport,Makemo Airport,MKP,PF,Makemo,-16.5839,-143.658005
medium_airport,Mopah International Airport,MKQ,ID,Merauke,-8.523898,140.419693
medium_airport,Meekatharra Airport,MKR,AU,,-26.6117000579834,118.5479965209961
medium_airport,Makokou Airport,MKU,GA,Makokou,0.5792109966278076,12.890899658203123
medium_airport,Rendani Airport,MKW,ID,Manokwari,-0.891833,134.048996
medium_airport,Mackay Airport,MKY,AU,Mackay,-21.170816,149.182588
medium_airport,Malacca International Airport,MKZ,MY,Malacca,2.265613,102.252778
large_airport,Malta International Airport,MLA,MT,Valletta,35.845932,14.491546
medium_airport,Melbourne Orlando International Airport,MLB,US,Melbourne,28.102009,-80.641088
large_airport,Velana International Airport,MLE,MV,Malé,4.19183,73.529099
medium_airport,Abdul Rachman Saleh Airport,MLG,ID,Malang,-7.929099,112.714233
medium_airport,Quad City International Airport,MLI,US,Moline,41.448502,-90.5075
large_airport,General Francisco J. Mujica International Airport,MLM,MX,Morelia,19.849899,-101.025002
medium_airport,Melilla Airport,MLN,ES,Melilla,35.2798,-2.95626
medium_airport,Monroe Regional Airport,MLU,US,Monroe,32.510899,-92.037697
medium_airport,Spriggs Payne Airport,MLW,LR,Monrovia,6.28906,-10.7587
medium_airport,Malatya Erhaç Airport,MLX,TR,Malatya,38.4352989197,38.0909996033
medium_airport,Memanbetsu Airport,MMB,JP,Ōzora,43.8805999756,144.164001465
medium_airport,Minamidaito Airport,MMD,JP,Minamidaito,25.8465,131.263
medium_airport,Teesside International Airport,MME,GB,"Darlington, Durham",54.509201,-1.42941
medium_airport,Mount Magnet Airport,MMG,AU,,-28.116100311279297,117.84200286865234
medium_airport,Mammoth Yosemite Airport,MMH,US,Mammoth Lakes,37.625381,-118.84306
medium_airport,Shinshu-Matsumoto Airport,MMJ,JP,Matsumoto,36.166801,137.923004
large_airport,Emperor Nicholas II Murmansk Airport,MMK,RU,Murmansk,68.7817,32.750801
medium_airport,Maio Airport,MMO,CV,Vila do Maio,15.15590000152588,-23.213699340820312
large_airport,Malmö Sturup Airport,MMX,SE,Malmö,55.535564,13.376327
medium_airport,Miyako Airport,MMY,JP,Miyakojima,24.782801,125.294998
medium_airport,Maymana Zahiraddin Faryabi Airport,MMZ,AF,Maymana,35.930801,64.760902
medium_airport,Nacala International Airport,MNC,MZ,Nacala,-14.4882,40.7122
medium_airport,Maningrida Airport,MNG,AU,Maningrida,-12.0560998917,134.23399353
large_airport,John A. Osborne Airport,MNI,MS,Gerald's Park,16.791835,-62.193204
medium_airport,Mananjary Airport,MNJ,MG,Mananjary,-21.201799,48.358299
large_airport,Ninoy Aquino International Airport,MNL,PH,Manila (Pasay),14.5086,121.019997
medium_airport,Manicoré Airport,MNX,BR,Manicoré,-5.81138,-61.278301
medium_airport,Mobile Regional Airport,MOB,US,Mobile,30.6912,-88.242798
medium_airport,Mário Ribeiro Airport,MOC,BR,Montes Claros,-16.706919,-43.818901
medium_airport,Mong Hsat Airport,MOG,MM,Mong Hsat,20.51679992675781,99.25679779052734
medium_airport,"Molde Airport, Årø",MOL,NO,Årø,62.744701,7.2625
medium_airport,Morondava Airport,MOQ,MG,Morondava,-20.2847,44.3176
medium_airport,Minot International Airport,MOT,US,Minot,48.25801,-101.279123
medium_airport,Moranbah Airport,MOV,AU,Moranbah,-22.057800293,148.07699585
medium_airport,Moorea Temae Airport,MOZ,PF,Moorea-Maiao,-17.48979,-149.761777
medium_airport,Katima Mulilo Airport,MPA,,Mpacha,-17.634258,24.176688
medium_airport,Godofredo P. Ramos Airport,MPH,PH,Caticlan,11.9245,121.954002
large_airport,Montpellier-Méditerranée Airport,MPL,FR,Montpellier/Méditerranée,43.576199,3.96301
large_airport,Maputo Airport,MPM,MZ,Maputo,-25.920799,32.572601
large_airport,Mount Pleasant Airport / RAF Mount Pleasant,MPN,FK,Mount Pleasant,-51.822642,-58.445777
medium_airport,Mariupol International Airport,MPW,UA,Mariupol,47.07609939575195,37.44960021972656
medium_airport,Maripasoula Airport,MPY,GF,Maripasoula,3.655907,-54.039431
large_airport,Magnitogorsk International Airport,MQF,RU,Magnitogorsk,53.391991,58.755235
medium_airport,Moma Airport,MQJ,RU,Khonuu,66.450861,143.261551
medium_airport,Mildura Airport,MQL,AU,Mildura,-34.229198455799995,142.085998535
medium_airport,Mardin Airport,MQM,TR,Mardin,37.2233009338,40.6316986084
medium_airport,"Mo i Rana Airport, Røssvoll",MQN,NO,Mo i Rana,66.363899230957,14.301400184631
large_airport,Kruger Mpumalanga International Airport,MQP,ZA,Mbombela,-25.383327,31.105325
medium_airport,Mustique Airport,MQS,VC,Lovell,12.8879,-61.180199
medium_airport,Marquette/Sawyer International Airport,MQT,US,Gwinn,46.351498,-87.395884
medium_airport,Mekele Alula Aba Nega Airport,MQX,ET,Mekele,13.4674,39.533501
medium_airport,Mara Serena Lodge Airstrip,MRE,KE,Serena,-1.404588,35.008349
medium_airport,Merrill Field,MRI,US,Anchorage,61.212792,-149.843988
large_airport,Marseille Provence Airport,MRS,FR,"Marignane, Bouches-du-Rhône",43.438088,5.2125
large_airport,Sir Seewoosagur Ramgoolam International Airport,MRU,MU,Plaine Magnien,-20.430201,57.683601
large_airport,Mineralnye Vody Airport,MRV,RU,Mineralnyye Vody,44.225101,43.081902
medium_airport,Mahshahr Airport,MRX,IR,Mahshahr,30.5562,49.151901
medium_airport,Monterey Regional Airport,MRY,US,Monterey,36.586777,-121.844183
medium_airport,Moree Airport,MRZ,AU,Moree,-29.4988994598,149.845001221
medium_airport,Misawa Airport / Misawa Air Base,MSJ,JP,Misawa,40.703201,141.367996
medium_airport,Northwest Alabama Regional Airport,MSL,US,Muscle Shoals,34.745123,-87.612981
medium_airport,Dane County Regional Truax Field,MSN,US,Madison,43.1399,-89.337502
medium_airport,Missoula Montana Airport,MSO,US,Missoula,46.915816,-114.091107
large_airport,Minneapolis–Saint Paul International Airport / Wold–Chamberlain Field,MSP,US,Minneapolis,44.880081,-93.221741
large_airport,Minsk National Airport,MSQ,BY,Minsk,53.888071,28.039964
medium_airport,Muş Airport,MSR,TR,Muş,38.74779891967773,41.66120147705078
medium_airport,Massena International Airport Richards Field,MSS,US,Massena,44.936157,-74.844304
large_airport,Maastricht Aachen Airport,MST,NL,Maastricht,50.911087,5.769401
large_airport,Moshoeshoe I International Airport,MSU,LS,Maseru(Mazenod),-29.456277,27.554456
large_airport,Louis Armstrong New Orleans International Airport,MSY,US,New Orleans,29.993401,-90.264673
medium_airport,Welwitschia Mirabilis International Airport,MSZ,AO,Moçâmedes,-15.2612,12.1468
medium_airport,Montrose Regional Airport,MTJ,US,Montrose,38.5098,-107.893997
medium_airport,Los Garzones Airport,MTR,CO,Montería,8.82374,-75.8258
medium_airport,Minatitlán/Coatzacoalcos International Airport,MTT,MX,Cosoleacaque,18.103399,-94.580704
large_airport,Monterrey International Airport,MTY,MX,Monterrey,25.778521,-100.106989
medium_airport,Munda Airport,MUA,SB,Munda,-8.32797,157.263
large_airport,Maun International Airport,MUB,BW,Maun,-19.970491,23.431409
large_airport,Munich Airport,MUC,DE,Munich,48.353802,11.7861
medium_airport,Waimea Kohala Airport,MUE,US,Waimea (Kamuela),20.001301,-155.667999
large_airport,Mersa Matruh International Airport,MUH,EG,Marsa Matruh,31.324313,27.22227
medium_airport,José Tadeo Monagas International Airport,MUN,VE,Maturín,9.749023,-63.153348
medium_airport,Marudi Airport,MUR,MY,Marudi,4.178734,114.330318
large_airport,Multan International Airport,MUX,PK,Multan,30.203199,71.419098
large_airport,M'Vengue El Hadj Omar Bongo Ondimba International Airport,MVB,GA,Franceville,-1.65616,13.438
large_airport,Carrasco General Cesáreo L. Berisso International Airport,MVD,UY,Ciudad de la Costa,-34.835647,-56.026497
medium_airport,Dix-Sept Rosado Airport,MVF,BR,Mossoró,-5.20192,-37.3643
medium_airport,Fabio Alberto Leon Bentley Airport,MVP,CO,Mitú,1.25366,-70.2339
medium_airport,Mogilev Airport,MVQ,BY,Mogilev,53.95489883422852,30.09510040283203
medium_airport,Salak Airport,MVR,CM,Maroua,10.45139980316162,14.257399559020996
medium_airport,Mataiva Airport,MVT,PF,,-14.8681001663208,-148.7169952392578
medium_airport,Veterans Airport of Southern Illinois,MWA,US,Marion,37.751208,-89.016568
medium_airport,Mineral Wells Regional Airport,MWL,US,Mineral Wells,32.781601,-98.060204
large_airport,Muan International Airport,MWX,KR,Muan (Piseo-ri),34.991406,126.382814
large_airport,Mwanza International Airport,MWZ,TZ,Mwanza,-2.446563,32.936049
medium_airport,General Rodolfo Sánchez Taboada International Airport,MXL,MX,Mexicali,32.630629,-115.242805
large_airport,Milan Malpensa International Airport,MXP,IT,Ferno (VA),45.6306,8.72811
medium_airport,Mörön Airport,MXV,MN,Mörön,49.663677,100.100028
medium_airport,Mora Airport,MXX,SE,Mora,60.957901,14.5114
medium_airport,Moruya Airport,MYA,AU,Moruya,-35.8978004456,150.143997192
medium_airport,Malindi International Airport,MYD,KE,Malindi,-3.22931,40.1017
medium_airport,Miyakejima Airport,MYE,JP,Miyakejima,34.073600769,139.559997559
medium_airport,Mayaguana Airport,MYG,BS,Abraham Bay Settlement,22.379499,-73.013494
large_airport,Matsuyama Airport,MYJ,JP,Matsuyama,33.826893,132.700114
medium_airport,McCall Municipal Airport,MYL,US,McCall,44.888837,-116.101112
medium_airport,Mary International Airport,MYP,TM,Mary,37.62353,61.895668
medium_airport,Mysore Airport,MYQ,IN,Mysore,12.229751,76.653683
large_airport,Myrtle Beach International Airport,MYR,US,Myrtle Beach,33.679699,-78.928299
medium_airport,Myitkyina Airport,MYT,MM,Myitkyina,25.3836,97.351898
medium_airport,Mekoryuk Airport,MYU,US,Mekoryuk,60.372338,-166.269751
medium_airport,Mtwara Airport,MYW,TZ,Mtwara,-10.336204,40.181997
medium_airport,Miri Airport,MYY,MY,Miri,4.32201,113.987
large_airport,Penghu Magong Airport,MZG,TW,Huxi,23.568701,119.627998
medium_airport,Mopti Airport,MZI,ML,Sévaré,14.5128,-4.07956
medium_airport,La Nubia Airport,MZL,CO,Manizales,5.0296,-75.4647
medium_airport,Sierra Maestra International Airport,MZO,CU,Manzanillo,20.288605,-77.087545
medium_airport,Mkuze Airport,MZQ,ZA,Mkuze,-27.626101,32.0443
large_airport,Mazar-i-Sharif International Airport,MZR,AF,Mazar-i-Sharif,36.70412,67.210459
medium_airport,Moradabad Airport,MZS,IN,Moradabad,28.81746,78.92187
large_airport,General Rafael Buelna International Airport,MZT,MX,Mazatlàn,23.162823,-106.264517
medium_airport,Mulu Airport,MZV,MY,Mulu,4.048329830169678,114.80500030517578
medium_airport,Narrabri Airport,NAA,AU,Narrabri,-30.3192005157,149.82699585
large_airport,Dr. Babasaheb Ambedkar International Airport,NAG,IN,Nagpur,21.092199,79.047203
medium_airport,Naha Airport,NAH,ID,"Tabukan Utara, Sangihe Islands",3.68478,125.527162
large_airport,Nakhchivan International Airport,NAJ,AZ,Nakhchivan,39.188801,45.458401
medium_airport,Nalchik Airport,NAL,RU,Nalchik,43.512901,43.6366
medium_airport,Namniwel Airport,NAM,ID,Namniwel,-3.143159,126.976469
large_airport,Nadi International Airport,NAN,FJ,Nadi,-17.761822,177.437843
large_airport,Naples International Airport,NAP,IT,Napoli,40.886002,14.2908
medium_airport,Qaanaaq Airport,NAQ,GL,Qaanaaq,77.488602,-69.388702
large_airport,Lynden Pindling International Airport,NAS,BS,Nassau,25.039,-77.466202
large_airport,Rio Grande do Norte/São Gonçalo do Amarante–Governador Aluízio Alves International Airport,NAT,BR,Natal,-5.769822,-35.36661
large_airport,Nevşehir Kapadokya Airport,NAV,TR,Nevşehir,38.7719,34.5345
medium_airport,Narathiwat Airport,NAW,TH,,6.519919872283936,101.74299621582033
medium_airport,Begishevo Airport,NBC,RU,Nizhnekamsk,55.564701,52.092499
medium_airport,Enfidha - Hammamet International Airport,NBE,TN,Enfidha,36.075833,10.438611
large_airport,Dr. Antonio Agostinho Neto International Airport,NBJ,AO,Luanda (Ícolo e Bengo),-9.050734,13.499078
large_airport,Jomo Kenyatta International Airport,NBO,KE,Nairobi,-1.318886,36.928233
medium_airport,Changbaishan Airport,NBS,CN,Baishan,42.066944,127.602222
medium_airport,North Caicos Airport,NCA,TC,North Caicos,21.916094,-71.942954
large_airport,Nice-Côte d'Azur Airport,NCE,FR,"Nice, Alpes-Maritimes",43.658401,7.21587
large_airport,Newcastle International Airport,NCL,GB,"Newcastle upon Tyne, Tyne and Wear",55.037958,-1.689577
large_airport,Nukus International Airport,NCU,UZ,Nukus,42.4884,59.623299
medium_airport,Annecy Meythet airport,NCY,FR,Annecy,45.928947,6.0987
large_airport,Nouadhibou International Airport,NDB,MR,Nouadhibou,20.932404,-17.030199
medium_airport,Nanded Airport,NDC,IN,Nanded,19.1833,77.316704
large_airport,Qiqihar Sanjiazi Airport,NDG,CN,Qiqihar,47.229969,123.914179
large_airport,N'Djamena International Airport,NDJ,TD,N'Djamena,12.1337,15.034
large_airport,Nador Al Aaroui International Airport,NDR,MA,Al Aaroui,34.9888,-3.02821
medium_airport,Rundu Airport,NDU,,Rundu,-17.956499,19.7194
medium_airport,Necochea Airport,NEC,AR,Necochea,-38.490746,-58.816337
medium_airport,Chulman Airport,NER,RU,Neryungri,56.913898468018,124.91400146484
medium_airport,Vance W. Amory International Airport,NEV,KN,Charlestown,17.2057,-62.589901
medium_airport,Nefteyugansk Airport,NFG,RU,Nefteyugansk,61.108299,72.650002
large_airport,Ningbo Lishe International Airport,NGB,CN,Ningbo,29.82670021057129,121.46199798583984
medium_airport,N'Gaoundéré Airport,NGE,CM,N'Gaoundéré,7.357009887695312,13.559200286865234
large_airport,Chubu Centrair International Airport,NGO,JP,Tokoname,34.858398,136.804993
medium_airport,Ngari Gunsa Airport,NGQ,CN,Shiquanhe,32.09794,80.053971
large_airport,Nagasaki Airport,NGS,JP,Nagasaki,32.916901,129.914001
medium_airport,Nuku Hiva Airport,NHV,PF,Nuku Hiva,-8.7956,-140.229004
large_airport,Diori Hamani International Airport,NIM,NE,Niamey,13.4815,2.18361
large_airport,Nizhnevartovsk Airport,NJC,RU,Nizhnevartovsk,60.949299,76.483597
large_airport,Al Najaf International Airport,NJF,IQ,Najaf,31.991116,44.405019
large_airport,Nouakchott–Oumtounsy International Airport,NKC,MR,Nouakchott,18.31,-15.969722
large_airport,Nanjing Lukou International Airport,NKG,CN,Nanjing,31.735032,118.865949
medium_airport,Nagoya Airport / JASDF Komaki Air Base,NKM,JP,Nagoya,35.255759,136.924095
medium_airport,Şırnak Şerafettin Elçi Airport,NKT,TR,Şırnak,37.3647,42.0582
large_airport,Simon Mwansa Kapwepwe International Airport,NLA,ZM,Ndola,-12.96513,28.515624
medium_airport,Quetzalcóatl International Airport,NLD,MX,Nuevo Laredo,27.443899,-99.570503
medium_airport,Ninglang Luguhu Airport,NLH,CN,Ninglang,27.5403,100.7593
medium_airport,Nikolayevsk-na-Amure Airport,NLI,RU,Nikolayevsk-na-Amure Airport,53.154999,140.649994
medium_airport,Norfolk Island International Airport,NLK,NF,Burnt Pine,-29.041759,167.939474
medium_airport,Xinyuan Nalati Airport,NLT,CN,Xinyuan,43.4318,83.3786
large_airport,Felipe Ángeles International Airport,NLU,MX,Mexico City,19.743824,-99.01507
large_airport,Namangan International Airport,NMA,UZ,Namangan,40.984622,71.5578
large_airport,Maafaru International Airport,NMF,MV,Noonu Atoll,5.817407,73.468404
large_airport,Navi Mumbai International Airport,NMI,IN,Navi Mumbai,18.984597,73.065253
large_airport,Nanning Wuxu International Airport,NNG,CN,Nanning (Jiangnan),22.598071,108.181922
medium_airport,Naryan Mar Airport,NNM,RU,Naryan Mar,67.639999,53.121899
medium_airport,Nan Airport,NNT,TH,,18.807899475097656,100.78299713134766
medium_airport,Nosara Airport,NOB,CR,Nicoya,9.97649002075,-85.65299987790002
large_airport,Ireland West Airport Knock,NOC,IE,Charlestown,53.910439,-8.817002
medium_airport,Noyabrsk Airport,NOJ,RU,Noyabrsk,63.18330001831055,75.2699966430664
medium_airport,Sinop Airport,NOP,TR,Sinop,42.018313,35.071774
large_airport,Nosy Be International Airport,NOS,MG,Nosy Be,-13.3121,48.3148
large_airport,La Tontouta International Airport,NOU,NC,Nouméa (La Tontouta),-22.014601,166.212997
medium_airport,Albano Machado Airport,NOV,AO,Huambo,-12.8089,15.7605
medium_airport,Spichenkovo Airport,NOZ,RU,Novokuznetsk,53.811401,86.877197
medium_airport,Hawke's Bay Airport,NPE,NZ,Napier,-39.465801,176.869995
medium_airport,New Plymouth Airport,NPL,NZ,New Plymouth,-39.00859832763672,174.1790008544922
medium_airport,Nanga Pinoh Airport,NPO,ID,Nanga Pinoh-Borneo Island,-0.34864,111.746155
medium_airport,Newport State Airport,NPT,US,Newport,41.532207,-71.281039
large_airport,Presidente Perón International Airport,NQN,AR,Neuquén,-38.949001,-68.155701
medium_airport,Cornwall Airport Newquay,NQY,GB,Newquay,50.440601,-4.99541
large_airport,Nursultan Nazarbayev International Airport,NQZ,KZ,Astana,51.027035,71.467094
medium_airport,Narrandera Airport,NRA,AU,Narrandera,-34.7022018433,146.511993408
medium_airport,Norrköping Airport,NRK,SE,Norrköping,58.58629989624024,16.250600814819336
large_airport,Weeze (Niederrhein) Airport,NRN,DE,Weeze,51.601362,6.141228
medium_airport,José Aponte de la Torre Airport,NRR,PR,Ceiba,18.247262,-65.63979
large_airport,Narita International Airport,NRT,JP,Narita,35.76858,140.388714
medium_airport,Nowshahr Airport,NSH,IR,Nowshahr,36.664286,51.46273
large_airport,Yaoundé Nsimalen International Airport,NSI,CM,Yaoundé,3.72256,11.5533
large_airport,Alykel International Airport,NSK,RU,Norilsk,69.307951,87.325906
medium_airport,Nelson Airport,NSN,NZ,Nelson,-41.298302,173.220993
medium_airport,Nakhon Si Thammarat Airport,NST,TH,Nakhon Si Thammarat,8.539620399475098,99.9447021484375
medium_airport,Nantes Atlantique Airport,NTE,FR,Nantes,47.153198,-1.61073
medium_airport,Nantong Xingdong International Airport,NTG,CN,Nantong (Tongzhou),32.073566,120.980076
large_airport,Newcastle Airport,NTL,AU,Williamtown,-32.796114,151.835025
medium_airport,Normanton Airport,NTN,AU,Normanton,-17.68409,141.069664
medium_airport,Noto Satoyama Airport,NTQ,JP,Wajima,37.293098,136.962006
medium_airport,Ranai Airport,NTX,ID,Ranai-Natuna Besar Island,3.90871,108.388
large_airport,Nuremberg Airport,NUE,DE,Nuremberg,49.498699,11.078056
medium_airport,Nuiqsut Airport,NUI,US,Nuiqsut,70.209999,-151.005998
large_airport,Neom Bay Airport,NUM,SA,Sharma,27.924261,35.29358
medium_airport,Novy Urengoy Airport,NUX,RU,Novy Urengoy,66.06939697265625,76.52030181884766
medium_airport,Benito Salas Airport,NVA,CO,Neiva,2.95015,-75.294
medium_airport,Navoi International Airport,NVI,UZ,Navoi,40.117599,65.172658
large_airport,Ministro Victor Konder International Airport,NVT,BR,Navegantes,-26.879431,-48.650979
medium_airport,Norwich Airport,NWI,GB,"Norwich, Norfolk",52.6758,1.28278
medium_airport,Nyagan Airport,NYA,RU,Nyagan,62.110001,65.614998
medium_airport,Sunyani Airport,NYI,GH,Sunyani,7.36183,-2.32876
medium_airport,Nanyuki Civil Airport,NYK,KE,Gathiuru,-0.062352,37.041296
medium_airport,Nadym Airport,NYM,RU,Nadym,65.48090362548828,72.69889831542969
large_airport,Stockholm Skavsta Airport,NYO,SE,Nyköping,58.789656,16.911479
large_airport,Nay Pyi Taw International Airport,NYT,MM,Naypyitaw,19.623501,96.200996
medium_airport,Maria Reiche Neuman Airport,NZC,PE,Nazca,-14.854,-74.961502
medium_airport,Manzhouli Xijiao Airport,NZH,CN,Manzhouli,49.566667,117.33
medium_airport,Zhalantun Genghis Khan Airport,NZL,CN,Zhalantun,47.865942,122.768662
medium_airport,Albert J Ellis Airport,OAJ,US,Richlands,34.829201,-77.612099
large_airport,San Francisco Bay Oakland International Airport,OAK,US,Oakland,37.720085,-122.221184
large_airport,Xoxocotlán International Airport,OAX,MX,Oaxaca,16.998773,-96.726092
medium_airport,Tokachi-Obihiro Airport,OBO,JP,Obihiro,42.7332992554,143.216995239
medium_airport,Francisco De Orellana Airport,OCC,EC,Coca,-0.462886,-76.986801
medium_airport,Ocean City Municipal Airport,OCE,US,Ocean City,38.310398,-75.124001
medium_airport,Ian Fleming International Airport,OCJ,JM,Boscobel,18.404079,-76.969754
large_airport,Corisco International Airport,OCS,GQ,Corisco Island,0.910937,9.33027
large_airport,Odense Hans Christian Andersen Airport,ODE,DK,Odense,55.475307,10.327206
large_airport,Oecusse Route of the Sandalwood International Airport,OEC,TL,Oecussi-Ambeno,-9.198419,124.337873
medium_airport,Örnsköldsvik Airport,OER,SE,Örnsköldsvik,63.40829849243164,18.989999771118164
medium_airport,Ogden Hinckley Airport,OGD,US,Ogden,41.195899963379,-112.0120010376
large_airport,Kahului International Airport,OGG,US,Kahului,20.896263,-156.431837
medium_airport,Eugene F. Correia International Airport,OGL,GY,Ogle,6.805881,-58.107657
medium_airport,Yonaguni Airport,OGN,JP,Yonaguni,24.467298,122.979827
medium_airport,Ogdensburg International Airport,OGS,US,Ogdensburg,44.6819,-75.4655
medium_airport,Ordu–Giresun Airport,OGU,TR,Ordu,40.966872,38.085995
medium_airport,Ain Beida Airport,OGX,DZ,Ouargla,31.9172,5.41278
medium_airport,Vladikavkaz Beslan International Airport,OGZ,RU,Beslan,43.205101,44.606602
large_airport,Ohrid St. Paul the Apostle Airport,OHD,MK,Ohrid,41.18,20.7423
medium_airport,Mohe Gulian Airport,OHE,CN,Mohe,52.916871,122.422759
medium_airport,Okhotsk Airport,OHO,RU,Okhotsk,59.410065,143.056503
large_airport,Suhar International Airport,OHS,OM,Suhar,24.38604,56.62541
medium_airport,Oshima Airport,OIM,JP,Izu Oshima,34.7820014954,139.36000061
medium_airport,Okushiri Airport,OIR,JP,Okushiri Island,42.0717010498,139.432998657
medium_airport,Oita Airport,OIT,JP,Oita,33.479400634799994,131.736999512
large_airport,Naha International Airport,OKA,JP,Naha,26.192437,127.639804
large_airport,OKC Will Rogers World Airport,OKC,US,Oklahoma City,35.393388,-97.598248
medium_airport,Sapporo Okadama Airport,OKD,JP,Sapporo,43.117447,141.38134
medium_airport,Okinoerabu Airport,OKE,JP,Wadomari,27.431604,128.705564
medium_airport,Oki Global Geopark Airport,OKI,JP,Okinoshima,36.178388,133.323566
large_airport,Okayama Momotaro Airport,OKJ,JP,Okayama,34.756901,133.854996
medium_airport,Oksibil Airport,OKL,ID,Oksibil,-4.9071,140.6277
medium_airport,Oakey Army Aviation Centre,OKY,AU,,-27.409262,151.736727
medium_airport,Ørland Airport,OLA,NO,Ørland,63.69889831542969,9.604000091552734
large_airport,Olbia Costa Smeralda Airport,OLB,IT,Olbia (SS),40.898953,9.518457
medium_airport,L M Clayton Airport,OLF,US,Wolf Point,48.094501,-105.574997
medium_airport,Olympia Regional Airport,OLM,US,Olympia,46.969399,-122.903
medium_airport,Olyokminsk Airport,OLZ,RU,Olyokminsk,60.401833,120.476094
large_airport,Eppley Airfield,OMA,US,Omaha,41.3032,-95.894096
medium_airport,Oranjemund Airport,OMD,,Oranjemund,-28.585318,16.44638
medium_airport,Nome Airport,OME,US,Nome,64.51219940185547,-165.44500732421875
medium_airport,Urmia Airport,OMH,IR,Urmia,37.6680984497,45.0686988831
medium_airport,Zomin Airport,OMN,UZ,Zomin,40.01402,68.41103
large_airport,Mostar International Airport,OMO,BA,Mostar,43.282489,17.846101
large_airport,Oradea International Airport,OMR,RO,Oradea,47.025299,21.9025
large_airport,Omsk Central Airport,OMS,RU,Omsk,54.963124,73.312418
medium_airport,Ondangwa Airport,OND,,Ondangwa,-17.878201,15.9526
medium_airport,Odate Noshiro Airport,ONJ,JP,Kitaakita,40.191898,140.371002
medium_airport,Zonguldak Çaycuma Airport,ONQ,TR,Zonguldak,41.506401,32.0886
large_airport,Ontario International Airport,ONT,US,Ontario,34.056,-117.600998
medium_airport,Enrique Adolfo Jimenez Airport,ONX,PA,Colón,9.35664,-79.867401
large_airport,Gold Coast Airport,OOL,AU,Gold Coast,-28.165962,153.506641
medium_airport,Cooma Snowy Mountains Airport,OOM,AU,Cooma,-36.300445,148.972408
medium_airport,Miami-Opa Locka Executive Airport,OPF,US,Miami,25.907,-80.278397
large_airport,Francisco de Sá Carneiro Airport,OPO,PT,Porto,41.2481002808,-8.68138980865
medium_airport,Balimo Airport,OPU,PG,Balimo,-8.05000019073,142.932998657
medium_airport,Örebro Airport,ORB,SE,Örebro,59.22370147705078,15.038000106811523
large_airport,Chicago O'Hare International Airport,ORD,US,Chicago,41.9786,-87.9048
large_airport,Norfolk International Airport,ORF,US,Norfolk,36.895341,-76.201
medium_airport,Worcester Regional Airport,ORH,US,Worcester,42.2673,-71.875702
large_airport,Cork International Airport,ORK,IE,Cork,51.841301,-8.49111
large_airport,Oran Es-Sénia (Ahmed Ben Bella) International Airport,ORN,DZ,Es-Sénia,35.620648,-0.622486
medium_airport,Northway Airport,ORT,US,Northway,62.9613,-141.929001
large_airport,Juan Mendoza International Airport,ORU,BO,Oruro,-17.956151,-67.075829
large_airport,Paris-Orly Airport,ORY,FR,"Paris (Orly, Val-de-Marne)",48.729499,2.358963
medium_airport,Åre Östersund Airport,OSD,SE,Östersund,63.193546,14.504168
medium_airport,Osijek Airport,OSI,HR,Osijek(Klisa),45.462355,18.811278
large_airport,Oslo-Gardermoen International Airport,OSL,NO,Oslo (Gardermoen),60.193901,11.1004
large_airport,Leoš Janáček Airport Ostrava,OSR,CZ,Mošnov,49.696301,18.111099
large_airport,Osh International Airport,OSS,KG,Osh,40.609001,72.793297
large_airport,Ostend-Bruges International Airport,OST,BE,Oostende,51.1998,2.874673
medium_airport,Orsk Airport,OSW,RU,Orsk,51.072498,58.5956
medium_airport,Southwest Oregon Regional Airport,OTH,US,North Bend,43.41709899902344,-124.24600219726562
large_airport,Bucharest Henri Coandă International Airport,OTP,RO,Otopeni,44.571792,26.103285
medium_airport,Ralph Wien Memorial Airport,OTZ,US,Kotzebue,66.88469696,-162.598999
large_airport,Ouagadougou Thomas Sankara International Airport,OUA,BF,Ouagadougou,12.3532,-1.51242
large_airport,Oujda Angads Airport,OUD,MA,Ahl Angad,34.789558,-1.926041
large_airport,Oulu Airport,OUL,FI,Oulu / Oulunsalo,64.930099,25.354601
medium_airport,Tazadit Airport,OUZ,MR,Zouérate,22.757345,-12.482228
large_airport,Novosibirsk Tolmachevo Airport,OVB,RU,Novosibirsk,55.019756,82.618675
large_airport,Asturias Airport,OVD,ES,Ranón,43.563599,-6.03462
medium_airport,Sovetskiy Airport,OVS,RU,Sovetskiy,61.326622009277344,63.60191345214844
medium_airport,Owensboro Daviess County Airport,OWB,US,Owensboro,37.74010086,-87.16680145
large_airport,Osvaldo Vieira International Airport,OXB,GW,Bissau,11.894262,-15.653596
medium_airport,Oyem Airport,OYE,GA,Oyem,1.5431100130081177,11.58139991760254
medium_airport,Labo Airport,OZC,PH,Ozamiz,8.17851,123.842003
large_airport,Zagora Airport,OZG,MA,Zagora,30.265788,-5.860808
large_airport,Ouarzazate International Airport,OZZ,MA,Ouarzazate,30.9391,-6.90943
medium_airport,Bilaspur Airport,PAB,IN,Bilaspur,21.9884,82.111
medium_airport,Marcos A. Gelabert International Airport,PAC,PA,Albrook,8.97334,-79.555603
large_airport,Paderborn Lippstadt Airport,PAD,DE,Büren,51.612527,8.617459
medium_airport,Seattle Paine Field International Airport,PAE,US,Everett,47.9063,-122.281998
medium_airport,Pagadian Airport,PAG,PH,Pagadian,7.825632,123.459635
medium_airport,Barkley Regional Airport,PAH,US,Paducah,37.06079864501953,-88.7738037109375
large_airport,Toussaint Louverture International Airport,PAP,HT,Port-au-Prince,18.580023,-72.292596
medium_airport,Jay Prakash Narayan Airport,PAT,IN,Patna,25.591299,85.087997
medium_airport,Paulo Afonso Airport,PAV,BR,Paulo Afonso,-9.40088,-38.250599
medium_airport,El Tajín National Airport,PAZ,MX,Poza Rica,20.6026992798,-97.4608001709
large_airport,Hermanos Serdán International Airport,PBC,MX,Puebla,19.158465,-98.371582
medium_airport,Porbandar Airport,PBD,IN,Porbandar,21.649524,69.656405
medium_airport,Plattsburgh International Airport,PBG,US,Plattsburgh,44.650902,-73.468102
large_airport,Paro International Airport,PBH,BT,Paro,27.4032,89.424599
large_airport,Palm Beach International Airport,PBI,US,West Palm Beach,26.683201,-80.095596
large_airport,Johan Adolf Pengel International Airport,PBM,SR,Paramaribo,5.45283,-55.187801
medium_airport,Paraburdoo Airport,PBO,AU,Paraburdoo,-23.1711006165,117.745002747
medium_airport,Puerto Barrios Airport,PBR,GT,Puerto Barrios,15.7309,-88.583801
medium_airport,Putao Airport,PBU,MM,Putao,27.32990074157715,97.42630004882812
large_airport,Cap FAP David Abenzur Rengifo International Airport,PCL,PE,Pucallpa,-8.378064,-74.574495
medium_airport,Principe Airport,PCP,ST,São Tomé & Príncipe,1.661155,7.411081
medium_airport,German Olano Airport,PCR,CO,Puerto Carreño,6.18472,-67.4932
medium_airport,Obando Cesar Gaviria Trujillo Airport,PDA,CO,Puerto Inírida,3.85353,-67.9062
large_airport,Minangkabau International Airport,PDG,ID,Padang (Katapiang),-0.785964,100.280384
medium_airport,DeKalb Peachtree Airport,PDK,US,Atlanta,33.87633,-84.30213
large_airport,João Paulo II Airport,PDL,PT,Ponta Delgada,37.7411994934,-25.6979007721
medium_airport,Pendopo Airport,PDO,ID,Talang Gudang-Sumatra Island,-3.2860701084136963,103.87999725341795
medium_airport,Capitan Corbeta CA Curbelo International Airport,PDP,UY,Punta del Este,-34.855099,-55.094299
medium_airport,Piedras Negras International Airport,PDS,MX,Piedras Negras,28.627873,-100.53524
medium_airport,Eastern Oregon Regional Airport at Pendleton,PDT,US,Pendleton,45.695099,-118.841003
large_airport,Plovdiv International Airport,PDV,BG,Plovdiv,42.067799,24.8508
large_airport,Portland International Airport,PDX,US,Portland,45.588699,-122.598
large_airport,Pardubice Airport,PED,CZ,Pardubice,50.015049,15.73981
large_airport,Perm International Airport,PEE,RU,Perm,57.914501,56.021198
large_airport,Perugia San Francesco d'Assisi – Umbria International Airport,PEG,IT,Perugia (PG),43.095901,12.5132
medium_airport,Matecaña International Airport,PEI,CO,Pereira,4.81267,-75.7395
large_airport,Beijing Capital International Airport,PEK,CN,Beijing,40.077349,116.596702
medium_airport,Padre Aldamiz International Airport,PEM,PE,Puerto Maldonado,-12.6135997772,-69.2285995483
large_airport,Penang International Airport,PEN,MY,Penang,5.296303,100.276185
large_airport,Perth International Airport,PER,AU,Perth,-31.94029998779297,115.96700286865234
medium_airport,Petrozavodsk Airport,PES,RU,Petrozavodsk,61.885201,34.154701
medium_airport,João Simões Lopes Neto International Airport,PET,BR,Pelotas,-31.717189,-52.327796
large_airport,Pécs-Pogány International Airport,PEV,HU,Pécs,45.988891,18.242044
large_airport,Bacha Khan International Airport,PEW,PK,Peshawar,33.9939,71.514603
medium_airport,Pechora Airport,PEX,RU,Pechora,65.121101,57.130798
medium_airport,Penza Airport,PEZ,RU,Penza,53.1106,45.021099
medium_airport,Lauro Kurtz Airport,PFB,BR,Passo Fundo,-28.243976,-52.32777
large_airport,Paphos International Airport,PFO,CY,Paphos,34.717999,32.485699
medium_airport,Page Municipal Airport,PGA,US,Page,36.924234,-111.447716
medium_airport,Punta Gorda Airport,PGD,US,Punta Gorda,26.9202,-81.990501
medium_airport,Perpignan-Rivesaltes (Llabanère) Airport,PGF,FR,Perpignan/Rivesaltes,42.740398,2.87067
medium_airport,Pantnagar Airport,PGH,IN,Pantnagar,29.0334,79.473701
medium_airport,Depati Amir Airport,PGK,ID,Pangkal Pinang,-2.1622,106.139
medium_airport,Persian Gulf International Airport,PGU,IR,Khiyaroo,27.379601,52.737701
medium_airport,Pitt-Greenville Airport,PGV,US,Greenville,35.635535,-77.384262
medium_airport,Ponta Grossa Airport - Comandante Antonio Amilton Beraldo,PGZ,BR,Ponta Grossa,-25.184476,-50.143822
medium_airport,Parnaíba - Prefeito Doutor João Silva Filho International Airport,PHB,BR,Parnaíba,-2.89375,-41.731998
large_airport,Port Harcourt International Airport,PHC,NG,Port Harcourt,5.01549,6.94959
large_airport,Port Hedland International Airport,PHE,AU,Port Hedland,-20.382787,118.629789
medium_airport,Newport News Williamsburg International Airport,PHF,US,Newport News,37.131901,-76.492996
medium_airport,Port Harcourt City Airport / Port Harcourt Air Force Base,PHG,NG,Port Harcourt,4.846111,7.021389
large_airport,Pokhara International Airport,PHH,NP,Pokhara,28.1838,84.0147
large_airport,Philadelphia International Airport,PHL,US,Philadelphia,39.871899,-75.241096
medium_airport,Phitsanulok Airport,PHS,TH,Phitsanulok,16.7829,100.278999
medium_airport,Hendrik Van Eck Airport,PHW,ZA,Phalaborwa,-23.9372005463,31.1553993225
large_airport,Phoenix Sky Harbor International Airport,PHX,US,Phoenix,33.435302,-112.005905
medium_airport,Phetchabun Airport,PHY,TH,,16.6760005951,101.194999695
medium_airport,General Wayne A. Downing Peoria International Airport,PIA,US,Peoria,40.663841,-89.692631
medium_airport,Hattiesburg Laurel Regional Airport,PIB,US,Moselle,31.4671,-89.337097
large_airport,St. Petersburg Clearwater International Airport,PIE,US,Pinellas Park,27.9102,-82.687401
medium_airport,Pocatello Regional Airport,PIH,US,Pocatello,42.9098014831543,-112.59600067138672
large_airport,Glasgow Prestwick Airport,PIK,GB,"Prestwick, South Ayrshire",55.501499,-4.577182
medium_airport,Pierre Regional Airport,PIR,US,Pierre,44.38270187,-100.2860031
medium_airport,Poitiers-Biard Airport,PIS,FR,Poitiers/Biard,46.5877,0.306666
large_airport,Pittsburgh International Airport,PIT,US,Pittsburgh,40.491501,-80.232903
medium_airport,PAF Captain Guillermo Concha Iberico International Airport,PIU,PE,Piura,-5.20575,-80.616402
medium_airport,Pico Airport,PIX,PT,Pico Island,38.554298,-28.441299
medium_airport,Point Lay LRRS Airport,PIZ,US,Point Lay,69.732903,-163.005005
medium_airport,Puerto Jimenez Airport,PJM,CR,Puerto Jimenez,8.533329963684082,-83.30000305175781
medium_airport,Mid Ohio Valley Regional Airport,PKB,US,Parkersburg (Williamstown),39.3451,-81.439201
large_airport,Yelizovo Airport,PKC,RU,Petropavlovsk-Kamchatsky,53.168716,158.451068
medium_airport,Parkes Airport,PKE,AU,Parkes,-33.131401062,148.238998413
medium_airport,Pokhara Domestic Airport,PKR,NP,Pokhara,28.200621,83.981203
medium_airport,Sultan Syarif Kasim II International Airport / Roesmin Nurjadin AFB,PKU,ID,Pekanbaru,0.458647,101.444321
medium_airport,Princess Olga Pskov International Airport,PKV,RU,Pskov,57.781316,28.39384
large_airport,Beijing Daxing International Airport,PKX,CN,Beijing,39.501289,116.413967
medium_airport,Tjilik Riwut Airport,PKY,ID,Palangkaraya,-2.227146,113.943388
large_airport,Pakse International Airport,PKZ,LA,Pakse,15.133973,105.779871
medium_airport,Placencia Airport,PLJ,BZ,Placencia,16.536957,-88.361511
medium_airport,Sultan Mahmud Badaruddin II Airport,PLM,ID,Palembang,-2.897653,104.698147
medium_airport,Pellston Regional Airport of Emmet County Airport,PLN,US,Pellston,45.57089996,-84.79669952
medium_airport,Port Lincoln Airport,PLO,AU,Port Lincoln,-34.6053009033,135.880004883
large_airport,Palanga International Airport,PLQ,LT,Palanga,55.973202,21.093901
large_airport,Providenciales International Airport,PLS,TC,Providenciales,21.773697,-72.268321
medium_airport,Mutiara - SIS Al-Jufrie Airport,PLW,ID,Palu,-0.916462,119.908647
large_airport,Semei International Airport,PLX,KZ,Semey,50.351295,80.234398
large_airport,Chief Dawid Stuurman International Airport,PLZ,ZA,Gqeberha (Port Elizabeth),-33.989715,25.617353
large_airport,El Tepual International Airport,PMC,CL,Puerto Montt,-41.443093,-73.094065
medium_airport,Parma Airport,PMF,IT,Parma (PR),44.826351,10.29705
medium_airport,Ponta Porã Airport,PMG,BR,Ponta Porã,-22.549601,-55.702599
large_airport,Palma de Mallorca Airport,PMI,ES,Palma de Mallorca,39.551701,2.73881
large_airport,Falcone–Borsellino Airport,PMO,IT,Palermo,38.175999,13.091
medium_airport,Perito Moreno Jalil Hamer Airport,PMQ,AR,Perito Moreno,-46.537899,-70.978699
medium_airport,Palmerston North Airport,PMR,NZ,Palmerston North,-40.320599,175.617004
large_airport,Del Caribe Santiago Mariño International Airport,PMV,VE,Isla Margarita,10.912603,-63.966599
medium_airport,Brigadeiro Lysias Rodrigues Airport,PMW,BR,Palmas,-10.2915,-48.356998
medium_airport,El Tehuelche Airport,PMY,AR,Puerto Madryn,-42.7592,-65.1027
medium_airport,Pamplona Airport,PNA,ES,Pamplona,42.77,-1.64633
medium_airport,Pohnpei International Airport,PNI,FM,Pohnpei Island,6.985082,158.20992
large_airport,Supadio International Airport,PNK,ID,Pontianak,-0.152258,109.404493
medium_airport,Pantelleria Airport,PNL,IT,Pantelleria (TP),36.816502,11.9689
medium_airport,Girua Airport,PNP,PG,Popondetta,-8.80453968048,148.309005737
large_airport,Pune International Airport,PNQ,IN,Pune,18.5821,73.919701
large_airport,Antonio Agostinho-Neto International Airport,PNR,CG,Pointe Noire,-4.81603,11.8866
large_airport,Pensacola International Airport,PNS,US,Pensacola,30.472718,-87.186639
medium_airport,Lieutenant Julio Gallardo Airport,PNT,CL,Puerto Natales,-51.67067,-72.529078
medium_airport,Pondicherry Airport,PNY,IN,Puducherry (Pondicherry),11.968,79.812
medium_airport,Senador Nilo Coelho Airport,PNZ,BR,Petrolina,-9.362422,-40.569098
large_airport,Porto Alegre-Salgado Filho International Airport,POA,BR,Porto Alegre,-29.993984,-51.167482
large_airport,Port Gentil International Airport,POG,GA,Port Gentil,-0.711739,8.75438
medium_airport,Pemba Airport,POL,MZ,Pemba,-12.993302,40.524867
large_airport,Port Moresby Jacksons International Airport,POM,PG,Port Moresby,-9.44338035583496,147.22000122070312
medium_airport,Gregorio Luperon International Airport,POP,DO,Puerto Plata,19.7579,-70.57
medium_airport,Pori Airport,POR,FI,Pori,61.4617,21.799999
large_airport,Piarco International Airport,POS,TT,Port of Spain,10.59535,-61.337568
large_airport,Poznań-Ławica Airport,POZ,PL,Poznań,52.421598,16.823359
medium_airport,Presidente Prudente Airport,PPB,BR,Presidente Prudente,-22.1751,-51.424599
large_airport,Pago Pago International Airport,PPG,AS,Pago Pago,-14.331,-170.710007
large_airport,Petropavl International Airport,PPK,KZ,Petropavl,54.775622,69.187415
medium_airport,Guillermo León Valencia Airport,PPN,CO,Popayán,2.454359,-76.609253
medium_airport,Proserpine Whitsunday Coast Airport,PPP,AU,Proserpine,-20.494416,148.553583
large_airport,Puerto Princesa International Airport / PAF Antonio Bautista Air Base,PPS,PH,Puerto Princesa,9.742044,118.75911
large_airport,Fa'a'ā International Airport,PPT,PF,Papeete,-17.553472,-149.606936
large_airport,Phú Quốc International Airport,PQC,VN,Phu Quoc Island,10.169783,103.99353
medium_airport,Presque Isle International Airport,PQI,US,Presque Isle,46.688999,-68.0448
medium_airport,Port Macquarie Airport,PQQ,AU,Port Macquarie,-31.4358005524,152.863006592
medium_airport,General Urquiza Airport,PRA,AR,Parana,-31.7948,-60.4804
medium_airport,Prescott Regional Airport - Ernest A. Love Field,PRC,US,Prescott,34.653502,-112.419883
large_airport,Václav Havel Airport Prague,PRG,CZ,Prague,50.100874,14.259911
medium_airport,Praslin Island Airport,PRI,SC,Praslin Island,-4.319256,55.691561
medium_airport,Portimão Airport,PRM,PT,Portimão,37.1493,-8.58396
large_airport,Priština Adem Jashari International Airport,PRN,XK,Prishtina,42.5728,21.035801
large_airport,Pisa International Airport,PSA,IT,Pisa (PI),43.683899,10.3927
medium_airport,Tri Cities Airport,PSC,US,Pasco,46.264702,-119.119003
large_airport,Port Said International Airport,PSD,EG,Port Said,31.279285,32.240582
medium_airport,Mercedita International Airport,PSE,PR,Ponce,18.008301,-66.563004
medium_airport,Petersburg James A Johnson Airport,PSG,US,Petersburg,56.80170059,-132.9450073
medium_airport,Portsmouth International Airport at Pease,PSM,US,Portsmouth,43.0779,-70.823303
medium_airport,Antonio Nariño Airport,PSO,CO,Chachagüí,1.396722,-77.29093
large_airport,Palm Springs International Airport,PSP,US,Palm Springs,33.8297,-116.507004
large_airport,Abruzzo Airport,PSR,IT,Pescara,42.431079,14.182981
medium_airport,Libertador Gral D Jose De San Martin Airport,PSS,AR,Posadas,-27.3858,-55.9707
medium_airport,Pangsuma Airport,PSU,ID,Putussibau-Borneo Island,0.834579,112.940217
medium_airport,Capitán Av. Salvador Ogaya G. airport,PSZ,BO,Puerto Suárez,-18.975301,-57.820599
large_airport,Polokwane International Airport,PTG,ZA,Polokwane,-23.845269,29.458615
medium_airport,Port Heiden Airport,PTH,US,Port Heiden,56.957893,-158.630219
medium_airport,Portland Airport,PTJ,AU,,-38.31809997558594,141.4709930419922
large_airport,Maryse Condé International Airport,PTP,GP,Pointe-à-Pitre,16.265443,-61.532754
medium_airport,Platinum Airport,PTU,US,Platinum,59.017675,-161.827927
large_airport,Tocumen International Airport,PTY,PA,Tocumen,9.07136,-79.383499
medium_airport,Pueblo Memorial Airport,PUB,US,Pueblo,38.289101,-104.497002
medium_airport,Puerto Deseado Airport,PUD,AR,Puerto Deseado,-47.7353,-65.9041
medium_airport,Pau Pyrénées Airport,PUF,FR,Pau/Pyrénées (Uzein),43.380001,-0.418611
medium_airport,Port Augusta Airport,PUG,AU,,-32.50690078735352,137.7169952392578
large_airport,Punta Cana International Airport,PUJ,DO,Punta Cana,18.567093,-68.364558
large_airport,President Carlos Ibáñez International Airport,PUQ,CL,Punta Arenas,-53.002602,-70.854599
large_airport,Gimhae International Airport,PUS,KR,Busan,35.179501,128.938004
medium_airport,Tres De Mayo Airport,PUU,CO,Puerto Asís,0.505228,-76.5008
medium_airport,Pullman-Moscow Regional Airport,PUW,US,Pullman,46.741601,-117.11163
large_airport,Pula Airport,PUY,HR,Pula,44.893501,13.9222
medium_airport,Puerto Cabezas Airport,PUZ,NI,Puerto Cabezas,14.047200202941896,-83.38670349121094
medium_airport,El Embrujo Airport,PVA,CO,Providencia,13.357461,-81.357977
large_airport,Rhode Island T. F. Green International Airport,PVD,US,Providence/Warwick,41.725038,-71.425668
large_airport,Shanghai Pudong International Airport,PVG,CN,Shanghai (Pudong),31.1434,121.805
large_airport,Governador Jorge Teixeira de Oliveira International Airport,PVH,BR,Porto Velho,-8.708491,-63.902338
medium_airport,Aktion National Airport,PVK,GR,Preveza,38.925499,20.765301
large_airport,Puerto Vallarta International Airport,PVR,MX,Puerto Vallarta,20.679913,-105.254391
medium_airport,Provo Municipal Airport,PVU,US,Provo,40.218894,-111.722445
medium_airport,Pevek Airport,PWE,RU,Apapelgino,69.783302,170.597
large_airport,Portland International Jetport,PWM,US,Portland,43.646198,-70.309303
large_airport,Pavlodar International Airport,PWQ,KZ,Pavlodar,52.194982,77.073088
medium_airport,Puerto Escondido International Airport,PXM,MX,Puerto Escondido,15.876808,-97.0891
medium_airport,Porto Santo Airport,PXO,PT,Vila Baleira,33.0733985901,-16.3500003815
medium_airport,Surin Airport,PXR,TH,Surin,14.868300437927,103.49800109863
medium_airport,Pleiku Airport,PXU,VN,Pleiku,14.00450038909912,108.01699829101562
medium_airport,Polyarny Airport,PYJ,RU,Yakutia,66.400398,112.029999
large_airport,Payam International Airport,PYK,IR,Karaj,35.7761,50.826698
medium_airport,Pietermaritzburg Airport,PZB,ZA,Pietermaritzburg,-29.6490001678,30.3987007141
medium_airport,Zhob Airport,PZH,PK,Fort Sandeman,31.358400344848636,69.4636001586914
medium_airport,Panzhihua Bao'anying Airport,PZI,CN,Panzhihua (Renhe),26.54,101.79852
large_airport,General Manuel Carlos Piar International Airport,PZO,VE,Guyana City,8.28853,-62.760399
large_airport,Port Sudan New International Airport,PZU,SD,Port Sudan,19.434558,37.234125
medium_airport,Bella Coola Airport,QBC,CA,Bella Coola,52.387501,-126.596001
medium_airport,Sam Mbakwe International Cargo Airport,QOW,NG,Owerri,5.42706,7.20603
large_airport,Querétaro Intercontinental Airport,QRO,MX,Querétaro,20.618779,-100.186449
medium_airport,Warri Airport,QRW,NG,Okpe,5.59821,5.8187
medium_airport,Ain Arnat Airport,QSF,DZ,Sétif,36.178488,5.329909
medium_airport,Salerno Costa d'Amalfi Airport,QSR,IT,Salerno,40.620399,14.9113
medium_airport,Shache Airport,QSZ,CN,Shache,38.24542,77.056149
medium_airport,Akwa Ibom International Airport,QUO,NG,Uyo,4.8725,8.093
medium_airport,Tokua Airport,RAB,PG,Kokopo,-4.34046,152.380005
medium_airport,Arar Domestic Airport,RAE,SA,Arar,30.90660095214844,41.13819885253906
medium_airport,Rafha Domestic Airport,RAH,SA,Rafha,29.626399993896484,43.4906005859375
large_airport,Nelson Mandela International Airport,RAI,CV,Praia,14.941126,-23.484728
large_airport,Marrakesh Menara Airport,RAK,MA,Marrakesh,31.604807,-8.035788
medium_airport,Leite Lopes Airport,RAO,BR,Ribeirão Preto,-21.134314,-47.774053
medium_airport,Rapid City Regional Airport,RAP,US,Rapid City,44.0452995300293,-103.05699920654295
large_airport,Rarotonga International Airport,RAR,CK,Avarua,-21.2027,-159.806
medium_airport,Sardar-e-Jangal Airport,RAS,IR,Rasht,37.323333,49.617778
large_airport,Rabat-Salé Airport,RBA,MA,Rabat,34.051498,-6.75152
large_airport,Rio Branco-Plácido de Castro International Airport,RBR,BR,Rio Branco,-9.869031,-67.893984
medium_airport,Ruby Airport,RBY,US,Ruby,64.727203,-155.470001
medium_airport,Richards Bay Airport,RCB,ZA,Richards Bay,-28.740999221800003,32.0920982361
medium_airport,Almirante Padilla Airport,RCH,CO,Riohacha,11.5262,-72.926
medium_airport,Redding Municipal Airport,RDD,US,Redding,40.50899887,-122.2929993
medium_airport,Roberts Field,RDM,US,Redmond,44.254101,-121.150002
medium_airport,Warsaw Radom Airport,RDO,PL,Radom,51.38937,21.214742
medium_airport,Kazi Nazrul Islam Airport,RDP,IN,Durgapur,23.6225,87.243
large_airport,Raleigh-Durham International Airport,RDU,US,Raleigh/Durham,35.878659,-78.7873
medium_airport,Rodez–Aveyron Airport,RDZ,FR,Rodez/Marcillac,44.407902,2.48267
large_airport,Recife/Guararapes - Gilberto Freyre International Airport,REC,BR,Recife,-8.12747,-34.922961
medium_airport,Reggio Calabria Airport,REG,IT,Reggio Calabria,38.071201,15.6516
medium_airport,Almirante Marco Andres Zar Airport,REL,AR,Rawson,-43.2105,-65.2703
medium_airport,Orenburg Central Airport,REN,RU,Orenburg,51.792668,55.457229
medium_airport,Retalhuleu Airport,RER,GT,Retalhuleu,14.521431,-91.697001
large_airport,Resistencia International Airport,RES,AR,Resistencia,-27.44991,-59.056125
large_airport,Reus Airport,REU,ES,Reus,41.147509,1.168354
medium_airport,"Rewa Airport, Chorhata, REWA",REW,IN,Rewa,24.503401,81.220299
medium_airport,General Lucio Blanco International Airport,REX,MX,Reynosa,26.0089,-98.2285
medium_airport,Chicago Rockford International Airport,RFD,US,Chicago/Rockford,42.1954,-89.097198
medium_airport,Raiatea Airport,RFP,PF,Uturoa,-16.7229,-151.466003
medium_airport,Gobernador Ramón Trejo Noel International Airport,RGA,AR,Rio Grande,-53.7777,-67.7494
medium_airport,Rangiroa Airport,RGI,PF,,-14.954299926757812,-147.66099548339844
large_airport,Piloto Civil Norberto Fernández International Airport,RGL,AR,Rio Gallegos,-51.608791,-69.308948
large_airport,Yangon International Airport,RGN,MM,Yangon,16.907300949099998,96.1332015991
medium_airport,Orang (Chongjin) Airport,RGO,KP,Hoemun-ri,41.428538,129.647555
medium_airport,Termas de Río Hondo international Airport,RHD,AR,Termas de Río Hondo,-27.4966,-64.93595
medium_airport,Rhinelander Oneida County Airport,RHI,US,Rhinelander,45.63119888305664,-89.46749877929688
large_airport,"Rhodes International Airport ""Diagoras""",RHO,GR,Rhodes,36.405399,28.086201
medium_airport,Santa Maria Airport,RIA,BR,Santa Maria,-29.711399,-53.688202
medium_airport,Capitán Av. Selin Zeitun Lopez Airport,RIB,BO,Riberalta,-11.009355,-66.075468
large_airport,Richmond International Airport,RIC,US,Richmond,37.505199,-77.319702
medium_airport,Rishiri Airport,RIS,JP,Rishiri,45.2420005798,141.186004639
medium_airport,Central Wyoming Regional Airport,RIW,US,Riverton,43.064201,-108.459999
large_airport,Riga International Airport,RIX,LV,Riga,56.920752,23.970711
large_airport,Riyan International Airport,RIY,YE,Mukalla(Riyan),14.662241,49.375289
medium_airport,Rizhao Shanzihe Airport,RIZ,CN,Rizhao (Donggang),35.405033,119.324403
medium_airport,Rajahmundry Airport,RJA,IN,Madhurapudi,17.105799,81.813204
medium_airport,Shah Makhdum Airport,RJH,BD,Rajshahi,24.437201,88.616501
large_airport,Rijeka Airport,RJK,HR,Rijeka(Omišalj),45.216376,14.57085
medium_airport,Rafsanjan Airport,RJN,IR,Rafsanjan,30.298345,56.048979
medium_airport,Knox County Regional Airport,RKD,US,Rockland,44.060101,-69.099197
medium_airport,Copenhagen Roskilde Airport,RKE,DK,Roskilde,55.585602,12.1314
medium_airport,Southwest Wyoming Regional Airport,RKS,US,Rock Springs,41.5942,-109.065001
large_airport,Ras Al Khaimah International Airport,RKT,AE,Ras Al Khaimah,25.613501,55.938801
medium_airport,Reykjavík Domestic Airport,RKV,IS,Reykjavík,64.128732,-21.93759
large_airport,Xigaze Peace Airport / Shigatse Air Base,RKZ,CN,Xigazê (Samzhubzê),29.350876,89.299157
medium_airport,Rostock-Laage Airport,RLG,DE,Laage,53.918201,12.2783
medium_airport,Bayannur Tianjitai Airport,RLK,CN,Bayannur,40.926358,107.74093
medium_airport,Roma Airport,RMA,AU,Roma,-26.545000076300003,148.774993896
large_airport,Marsa Alam International Airport,RMF,EG,Marsa Alam,25.555548,34.59245
large_airport,Federico Fellini International Airport,RMI,IT,Rimini (RN),44.020024,12.612198
large_airport,Colombo Ratmalana International Airport,RML,LK,Colombo,6.821638,79.885859
large_airport,Chişinău International Airport,RMO,MD,Chişinău,46.92774,28.931704
large_airport,Taichung International Airport / Ching Chuang Kang Air Base,RMQ,TW,Taichung (Qingshui),24.2647,120.621002
large_airport,Region of Murcia International Airport,RMU,ES,Corvera,37.802852,-1.124884
medium_airport,Tobolsk Remezov Airport,RMZ,RU,Tobolsk,58.059712,68.347997
medium_airport,Ronneby Airport,RNB,SE,Ronneby,56.266701,15.265
medium_airport,Yoron Airport,RNJ,JP,Yoron,27.043847,128.401648
medium_airport,Bornholm Airport,RNN,DK,Rønne,55.063301,14.7596
large_airport,Reno Tahoe International Airport,RNO,US,Reno,39.4991,-119.767998
medium_airport,Rennes-Saint-Jacques Airport,RNS,FR,"Saint-Jacques-de-la-Lande, Ille-et-Vilaine",48.0695,-1.73479
medium_airport,Roanoke–Blacksburg Regional Airport,ROA,US,Roanoke,37.3255,-79.975403
large_airport,Roberts International Airport,ROB,LR,Monrovia,6.23379,-10.3623
large_airport,Frederick Douglass Greater Rochester International Airport,ROC,US,Rochester,43.1189,-77.672401
medium_airport,Roi Et Airport,ROI,TH,Roi Et,16.1168,103.774002
medium_airport,Rockhampton Airport,ROK,AU,Rockhampton,-23.380019,150.475359
medium_airport,Maestro Marinho Franco Airport,ROO,BR,Rondonópolis,-16.584292,-54.724803
large_airport,Rota International Airport,ROP,MP,Rota Island,14.173267,145.241103
large_airport,Roman Tmetuchl International Airport,ROR,PW,Babelthuap Island,7.366965,134.544085
large_airport,Rosario Islas Malvinas International Airport,ROS,AR,Rosario,-32.9036,-60.785
medium_airport,Rotorua Regional Airport,ROT,NZ,Rotorua,-38.1092,176.317001
large_airport,Platov International Airport,ROV,RU,Rostov-on-Don,47.493888,39.924722
medium_airport,Roswell Air Center Airport,ROW,US,Roswell,33.301601,-104.530998
medium_airport,Swami Vivekananda Airport,RPR,IN,Raipur,21.180401,81.7388
medium_airport,Ruoqiang Loulan Airport,RQA,CN,Ruoqiang Town,38.974722,88.008333
medium_airport,Sir Charles Gaetan Duval Airport,RRG,MU,Port Mathurin,-19.756696,63.359326
medium_airport,Jacarepaguá - Roberto Marinho Airport,RRJ,BR,Rio de Janeiro,-22.986773,-43.372194
medium_airport,Røros Airport,RRS,NO,Røros,62.578399658203,11.342300415039
medium_airport,Santa Rosa Airport,RSA,AR,Santa Rosa,-36.588299,-64.275703
medium_airport,Rock Sound International Airport,RSD,BS,Rock Sound,24.89165,-76.177602
large_airport,Red Sea International Airport,RSI,SA,Hanak,25.627975,37.088914
medium_airport,Rochester International Airport,RST,US,Rochester,43.908298,-92.5
medium_airport,Yeosu Airport,RSU,KR,Yeosu,34.84230041503906,127.61699676513672
large_airport,Southwest Florida International Airport,RSW,US,Fort Myers,26.534685,-81.752816
large_airport,Juan Manuel Gálvez International Airport,RTB,HN,Coxen Hole,16.316799,-86.523003
large_airport,Rotterdam The Hague Airport,RTM,NL,Rotterdam,51.956902,4.43722
medium_airport,Arua Airport,RUA,UG,Arua,3.049152,30.911714
large_airport,King Khalid International Airport,RUH,SA,Riyadh,24.9576,46.698799
large_airport,Roland Garros Airport,RUN,RE,Sainte-Marie,-20.890087,55.518894
medium_airport,Rurutu Airport,RUR,PF,,-22.43409919738769,-151.36099243164062
medium_airport,Rutland - Southern Vermont Regional Airport,RUT,US,Rutland,43.5294,-72.9496
medium_airport,"Rørvik Airport, Ryum",RVK,NO,Rørvik,64.838302612305,11.14610004425
large_airport,Rovaniemi Airport,RVN,FI,Rovaniemi,66.563327,25.829751
medium_airport,Pres. Gral. Óscar D. Gestido Binational Airport,RVY,UY,Rivera/Santana do Livramento,-30.9746,-55.4762
medium_airport,Rivne International Airport,RWN,UA,Rivne,50.60710144042969,26.141599655151367
medium_airport,Roxas Airport,RXS,PH,Roxas City,11.597700119018556,122.7519989013672
medium_airport,Staroselye Airport,RYB,RU,Rybinsk,58.104198,38.929401
medium_airport,Shaikh Zaid Airport,RYK,PK,Rahim Yar Khan,28.383899688720703,70.27960205078125
large_airport,Rzeszów-Jasionka Airport,RZE,PL,Jasionka,50.109791,22.024155
medium_airport,Ramsar Airport,RZR,IR,Ramsar,36.90701,50.687316
large_airport,Rize–Artvin Airport,RZV,TR,Rize,41.179766,40.848802
medium_airport,Juancho E. Yrausquin Airport,SAB,BQ,Zion's Hill,17.64533,-63.220514
medium_airport,Santa Fe Municipal Airport,SAF,US,Santa Fe,35.6171,-106.088997
large_airport,Shirdi International Airport,SAG,IN,Kakadi,19.689211,74.373655
large_airport,Sanaa International Airport,SAH,YE,Sanaa,15.4763,44.2197
large_airport,Siem Reap-Angkor International Airport,SAI,KH,Siem Reap,13.36974,104.223831
large_airport,El Salvador International Airport Saint Óscar Arnulfo Romero y Galdámez,SAL,SV,San Salvador (San Luis Talpa),13.44447,-89.055784
large_airport,San Diego International Airport,SAN,US,San Diego,32.733601,-117.190002
large_airport,Ramón Villeda Morales International Airport,SAP,HN,San Pedro Sula,15.4526,-87.923599
medium_airport,San Andros Airport,SAQ,BS,Andros Island,25.053800582885746,-78.04900360107422
large_airport,San Antonio International Airport,SAT,US,San Antonio,29.533701,-98.469803
large_airport,Savannah Hilton Head International Airport,SAV,US,Savannah,32.126591,-81.19998
large_airport,Istanbul Sabiha Gökçen International Airport,SAW,TR,"Pendik, Istanbul",40.898602,29.3092
medium_airport,Santa Barbara Municipal Airport,SBA,US,Santa Barbara,34.426201,-119.839996
large_airport,San Bernardino International Airport,SBD,US,San Bernardino,34.096717,-117.236596
medium_airport,St. Jean Airport,SBH,BL,Gustavia,17.904398,-62.843333
medium_airport,South Bend International Airport,SBN,US,South Bend,41.708304,-86.316922
medium_airport,San Luis County Regional Airport,SBP,US,San Luis Obispo,35.2368011475,-120.641998291
medium_airport,Sabetta International Airport,SBT,RU,Sabetta,71.219167,72.052222
medium_airport,Sibu Airport,SBW,MY,Sibu,2.2616,111.985001
medium_airport,Salisbury Ocean City Wicomico Regional Airport,SBY,US,Salisbury,38.34049987792969,-75.51029968261719
large_airport,Sibiu International Airport,SBZ,RO,Sibiu,45.785841,24.086666
medium_airport,Deadhorse Airport,SCC,US,Deadhorse,70.19470215,-148.4649963
medium_airport,State College Regional Airport,SCE,US,State College,40.849374,-77.84852
medium_airport,Stockton Metropolitan Airport,SCK,US,Stockton,37.893279,-121.238079
large_airport,Comodoro Arturo Merino Benítez International Airport,SCL,CL,Santiago,-33.393001556396484,-70.78579711914062
medium_airport,Saarbrücken Airport,SCN,DE,Saarbrücken,49.214545,7.109735
large_airport,Aktau International Airport,SCO,KZ,Aktau,43.860093,51.09086
large_airport,Santiago-Rosalía de Castro Airport,SCQ,ES,Santiago de Compostela,42.896301,-8.41514
large_airport,Scandinavian Mountains Airport,SCR,SE,Malung-Sälen,61.16508,12.83352
medium_airport,Socotra Airport,SCT,YE,Mori,12.632093,53.906173
large_airport,Antonio Maceo International Airport,SCU,CU,Santiago,19.97474,-75.835504
large_airport,Suceava Ștefan cel Mare International Airport,SCV,RO,Suceava,47.6875,26.354099
medium_airport,Syktyvkar Airport,SCW,RU,Syktyvkar,61.64699935913086,50.84510040283203
medium_airport,Lubango Mukanka International Airport,SDD,AO,Lubango,-14.924839,13.576653
medium_airport,Vicecomodoro Angel D. La Paz Aragonés Airport,SDE,AR,Santiago del Estero,-27.7655563354,-64.3099975586
large_airport,Louisville Muhammad Ali International Airport,SDF,US,Louisville,38.1706,-85.735076
medium_airport,Sanandaj Airport,SDG,IR,,35.24589920043945,47.00920104980469
large_airport,Sendai Airport,SDJ,JP,Natori,38.139702,140.917007
medium_airport,Sandakan Airport,SDK,MY,Sandakan,5.900899887084961,118.05899810791016
medium_airport,Sundsvall-Härnösand Airport,SDL,SE,Sundsvall/ Härnösand,62.528099060058594,17.443899154663086
medium_airport,Sand Point Airport,SDP,US,Sand Point,55.313908,-160.522099
large_airport,Las Américas International Airport,SDQ,DO,Santo Domingo,18.42970085144,-69.668899536133
medium_airport,Seve Ballesteros-Santander Airport,SDR,ES,Santander,43.427101,-3.82001
medium_airport,Sado Airport,SDS,JP,Sado,38.0601997375,138.414001465
large_airport,Santos Dumont Airport,SDU,BR,Rio de Janeiro,-22.910397,-43.16282
medium_airport,Sindhudurg Airport,SDW,IN,Chipi,16.002552,73.529846
medium_airport,Sidney - Richland Regional Airport,SDY,US,Sidney,47.705141,-104.194422
large_airport,Seattle–Tacoma International Airport,SEA,US,Seattle,47.447943,-122.310276
medium_airport,Sabha Airport,SEB,LY,Sabha,26.992452,14.466162
medium_airport,Srednekolymsk Airport,SEK,RU,Srednekolymsk,67.4805,153.7364
medium_airport,London Southend Airport,SEN,GB,"Southend-on-Sea, Essex",51.570562,0.693627
large_airport,Seychelles International Airport,SEZ,SC,Victoria,-4.67434,55.521801
medium_airport,Sfax Thyna International Airport,SFA,TN,Sfax,34.717999,10.691
large_airport,Orlando Sanford International Airport,SFB,US,Orlando,28.774277,-81.234626
medium_airport,Grand Case-l'Espérance Airport,SFG,MF,Grand Case,18.100057,-63.047444
medium_airport,Kangerlussuaq International Airport,SFJ,GL,Kangerlussuaq,67.010446,-50.715294
medium_airport,Sauce Viejo Airport,SFN,AR,Santa Fe,-31.7117,-60.8117
large_airport,San Francisco International Airport,SFO,US,San Francisco,37.619806,-122.374821
large_airport,Subic Bay International Airport / Naval Air Station Cubi Point,SFS,PH,Olongapo,14.794833,120.271883
medium_airport,Skellefteå Airport,SFT,SE,Skellefteå,64.62480163574219,21.07690048217773
large_airport,Surgut International Airport,SGC,RU,Surgut,61.340501,73.405782
medium_airport,Sønderborg Airport,SGD,DK,Sønderborg,54.96440124511719,9.791729927062988
medium_airport,Springfield Branson National Airport,SGF,US,Springfield,37.245047,-93.388596
large_airport,Tan Son Nhat International Airport,SGN,VN,Ho Chi Minh City,10.8188,106.652
medium_airport,St George Regional Airport,SGU,US,St George,37.036389,-113.510306
large_airport,Shanghai Hongqiao International Airport,SHA,CN,Shanghai (Minhang),31.198104,121.33426
medium_airport,Nakashibetsu Airport,SHB,JP,Nakashibetsu,43.5774993896,144.960006714
medium_airport,Shenandoah Valley Regional Airport,SHD,US,Weyers Cave,38.263802,-78.8964
large_airport,Shenyang Taoxian International Airport,SHE,CN,Shenyang,41.6398,123.483668
medium_airport,Shimojishima Airport,SHI,JP,Miyakojima,24.8267,125.144997
large_airport,Sharjah International Airport,SHJ,AE,Sharjah,25.3286,55.5172
medium_airport,Shillong Airport,SHL,IN,Shillong,25.70359992980957,91.97869873046876
medium_airport,Nanki Shirahama Airport,SHM,JP,Shirahama,33.6622009277,135.363998413
large_airport,King Mswati III International Airport,SHO,SZ,Mpaka,-26.358611,31.716944
medium_airport,Sheridan County Airport,SHR,US,Sheridan,44.76919937133789,-106.9800033569336
medium_airport,Jingzhou Shashi Airport,SHS,CN,Jingzhou (Shashi),30.29281,112.44854
medium_airport,Shreveport Regional Airport,SHV,US,Shreveport,32.446602,-93.8256
medium_airport,Sharurah Domestic Airport,SHW,SA,Sharurah,17.4669,47.121399
large_airport,Amílcar Cabral International Airport,SID,CV,Espargos,16.7414,-22.9494
medium_airport,Fernando Luis Ribas Dominicci Airport,SIG,PR,San Juan,18.45680046081543,-66.09809875488281
large_airport,Singapore Changi Airport,SIN,SG,Singapore,1.35019,103.994003
large_airport,Simferopol International Airport,SIP,UA,Simferopol,45.0522,33.975101
medium_airport,Sishen Airport,SIS,ZA,Sishen,-27.6486,22.9993
medium_airport,Sitka Rocky Gutierrez Airport,SIT,US,Sitka,57.04710006713867,-135.36199951171875
large_airport,Norman Y. Mineta San Jose International Airport,SJC,US,San Jose,37.362452,-121.929188
large_airport,Los Cabos International Airport,SJD,MX,San José del Cabo,23.151919,-109.720731
medium_airport,Jorge E. Gonzalez Torres Airport,SJE,CO,San José Del Guaviare,2.57969,-72.6394
medium_airport,San Jose Airport,SJI,PH,San Jose,12.361499786399998,121.04699707
large_airport,Sarajevo International Airport,SJJ,BA,Sarajevo,43.8246,18.331499
medium_airport,Professor Urbano Ernesto Stumpf Airport,SJK,BR,São José Dos Campos,-23.2292,-45.8615
medium_airport,São Gabriel da Cachoeira Airport,SJL,BR,São Gabriel da Cachoeira,-0.14835,-66.9855
large_airport,Juan Santamaría International Airport,SJO,CR,San José (Alajuela),9.99386,-84.208801
medium_airport,Prof. Eribelto Manoel Reino State Airport,SJP,BR,São José do Rio Preto,-20.817113,-49.406963
medium_airport,San Angelo Regional Mathis Field,SJT,US,San Angelo,31.35770034790039,-100.49600219726562
large_airport,Luis Munoz Marin International Airport,SJU,PR,San Juan,18.4394,-66.001801
large_airport,Shijiazhuang Zhengding International Airport,SJW,CN,Shijiazhuang,38.280701,114.696999
medium_airport,São Jorge Airport,SJZ,PT,Velas,38.665501,-28.1758
large_airport,Robert L. Bradshaw International Airport,SKB,KN,Basseterre,17.310845,-62.719117
large_airport,Samarkand International Airport,SKD,UZ,Samarkand,39.701842,66.981467
large_airport,Thessaloniki Macedonia International Airport,SKG,GR,Thessaloniki,40.51928,22.970009
medium_airport,"Stokmarknes Airport, Skagen",SKN,NO,Hadsel,68.578827,15.033417
large_airport,Sadiq Abubakar III International Airport,SKO,NG,Sokoto,12.915729,5.207547
large_airport,Skopje International Airport,SKP,MK,Ilinden,41.958087,21.622581
large_airport,Sialkot International Airport,SKT,PK,Sialkot,32.535941,74.364623
large_airport,Saransk International Airport,SKX,RU,Saransk,54.12513,45.212257
medium_airport,Begum Nusrat Bhutto International Airport Sukkur,SKZ,PK,Sukkur,27.722,68.791702
large_airport,Martín Miguel de Güemes International Airport,SLA,AR,Salta,-24.856001,-65.486198
large_airport,Salt Lake City International Airport,SLC,US,Salt Lake City,40.78886,-111.979866
medium_airport,Sliač Airport,SLD,SK,Sliač,48.63779830932617,19.13409996032715
medium_airport,Salem-Willamette Valley Airport/McNary Field,SLE,US,Salem,44.9095,-123.002998
medium_airport,Adirondack Regional Airport,SLK,US,Saranac Lake,44.38691,-74.204629
large_airport,Salalah International Airport,SLL,OM,Salalah,17.0387,54.091301
medium_airport,Salamanca Airport,SLM,ES,Salamanca,40.952099,-5.50199
medium_airport,Salina Municipal Airport,SLN,US,Salina,38.79100036621094,-97.6521987915039
medium_airport,Ponciano Arriaga International Airport,SLP,MX,San Luis Potosí,22.262026,-100.935692
medium_airport,George F. L. Charles Airport,SLU,LC,Castries,14.0202,-60.992901
medium_airport,Plan de Guadalupe International Airport,SLW,MX,Saltillo,25.53786,-100.928346
medium_airport,Salekhard Airport,SLY,RU,Salekhard,66.5907974243164,66.61100006103516
large_airport,Marechal Cunha Machado International Airport,SLZ,BR,São Luís,-2.586386,-44.235008
medium_airport,Santa Maria Airport,SMA,PT,Vila do Porto,36.97140121459961,-25.17060089111328
large_airport,Sacramento International Airport,SMF,US,Sacramento,38.6954,-121.591003
medium_airport,Samos Airport,SMI,GR,Samos Island,37.689999,26.911699
medium_airport,Stella Maris Airport,SML,BS,Stella Maris,23.582317,-75.268621
medium_airport,Lemhi County Airport,SMN,US,Salmon,45.122233,-113.88196
medium_airport,Simón Bolívar International Airport,SMR,CO,Santa Marta,11.1196,-74.2306
medium_airport,Sainte Marie Airport,SMS,MG,Vohilava,-17.093901,49.8158
medium_airport,Smara Airport,SMW,EH,Smara,26.731987,-11.683655
medium_airport,Santa Maria Public Airport Captain G Allan Hancock Field,SMX,US,Santa Maria,34.898899,-120.457001
large_airport,John Wayne Orange County International Airport,SNA,US,Santa Ana,33.675063,-117.869281
medium_airport,Snake Bay Airport,SNB,AU,Milikapiti,-11.417674,130.648481
large_airport,General Ulpiano Paez International Airport,SNC,EC,Salinas/La Libertad,-2.210057,-80.985067
medium_airport,Preguiça Airport,SNE,CV,Preguiça,16.588852,-24.284132
large_airport,Shannon Airport,SNN,IE,Shannon,52.702,-8.92482
medium_airport,Sakon Nakhon Airport,SNO,TH,,17.195100784301758,104.11900329589844
medium_airport,St Paul Island Airport,SNP,US,St Paul Island,57.166311,-170.222555
medium_airport,Saint-Nazaire-Montoir Airport,SNR,FR,Saint-Nazaire/Montoir,47.31142,-2.152634
large_airport,Abel Santamaria International Airport,SNU,CU,Santa Clara,22.492215,-79.943119
medium_airport,Santa Elena de Uairén Airport,SNV,VE,Santa Elena de Uairén,4.554699,-61.145234
medium_airport,Thandwe Airport,SNW,MM,Thandwe,18.4606990814209,94.30010223388672
medium_airport,Hévíz–Balaton Airport,SOB,HU,Sármellék,46.686391,17.159084
large_airport,Adisoemarmo International Airport,SOC,ID,Surakarta,-7.516044,110.757492
large_airport,Sofia Airport,SOF,BG,Sofia,42.696357,23.417671
medium_airport,Sørkjosen Airport,SOJ,NO,Sørkjosen,69.786797,20.9594
medium_airport,San Tomé Airport,SOM,VE,El Tigre,8.9451465606689,-64.151084899902
medium_airport,Santo Pekoa International Airport,SON,VU,Luganville,-15.505000114399998,167.220001221
medium_airport,Domine Eduard Osok Airport,SOQ,ID,Sorong,-0.894,131.287
medium_airport,Southampton Airport,SOU,GB,Southampton,50.950298,-1.3568
medium_airport,Show Low Regional Airport,SOW,US,Show Low,34.264062,-110.007091
medium_airport,La Palma Airport,SPC,ES,"Sta Cruz de la Palma, La Palma Island",28.626499,-17.7556
medium_airport,Saidpur Airport,SPD,BD,Saidpur,25.759199,88.908897
medium_airport,Abraham Lincoln Capital Airport,SPI,US,Springfield,39.844101,-89.677902
medium_airport,Saipan International Airport,SPN,MP,"I Fadang, Saipan",15.119384,145.728848
medium_airport,Menongue Airport,SPP,AO,Menongue,-14.657600402832031,17.71980094909668
medium_airport,John Greif II Airport,SPR,BZ,San Pedro,17.9139,-87.9711
medium_airport,Wichita Falls Municipal Airport / Sheppard Air Force Base,SPS,US,Wichita Falls,33.9888,-98.491898
large_airport,Split Saint Jerome Airport,SPU,HR,Split,43.538898,16.298
large_airport,Sphinx International Airport,SPX,EG,Al Jiza,30.108179,30.895728
medium_airport,San Pedro Airport,SPY,CI,,4.74672,-6.66082
medium_airport,Shangrao Sanqingshan Airport,SQD,CN,Shangrao (Hengfeng),28.3797,117.9643
medium_airport,Tebelian Airport,SQG,ID,Sintang,-0.045214,111.458049
medium_airport,Sanming Shaxian Airport,SQJ,CN,Sanming (Sha),26.4263,117.8336
medium_airport,San Carlos Airport,SQL,US,San Carlos,37.51313,-122.250838
large_airport,Alcantarí International Airport,SRE,BO,Sucre,-19.246835,-65.149611
large_airport,Jenderal Ahmad Yani Airport,SRG,ID,Semarang,-6.970732,110.373244
medium_airport,"Stord Airport, Sørstokken",SRP,NO,Leirvik,59.791901,5.34085
large_airport,Sarasota Bradenton International Airport,SRQ,US,Sarasota/Bradenton,27.394631,-82.554359
medium_airport,Soroti Airport,SRT,UG,Soroti,1.7276899814605713,33.622798919677734
medium_airport,Sari Dasht-e Naz International Airport,SRY,IR,Sari,36.644408,53.188761
medium_airport,El Trompillo Airport,SRZ,BO,Santa Cruz,-17.8115997314,-63.1715011597
large_airport,Deputado Luiz Eduardo Magalhães International Airport,SSA,BR,Salvador,-12.908611,-38.322498
large_airport,Malabo International Airport,SSG,GQ,Malabo,3.75527,8.70872
large_airport,Sharm El Sheikh International Airport,SSH,EG,Sharm El Sheikh,27.977272,34.394717
medium_airport,"Sandnessjøen Airport, Stokka",SSJ,NO,Alstahaug,65.956802,12.4689
medium_airport,Santa Teresita Airport,SST,AR,Santa Teresita,-36.5423,-56.7218
medium_airport,Mbanza Congo Airport,SSY,AO,Mbanza Congo,-6.269899845123291,14.246999740600586
medium_airport,Saint Cloud Regional Airport,STC,US,Saint Cloud,45.5466,-94.059898
medium_airport,Mayor Buenaventura Vivas International Airport,STD,VE,Santo Domingo,7.56538,-72.035103
medium_airport,St George Airport,STG,US,St George,56.577345,-169.663823
large_airport,Cibao International Airport,STI,DO,Santiago,19.40406,-70.604431
large_airport,St. Louis Lambert International Airport,STL,US,St Louis,38.748697,-90.370003
medium_airport,Santarém - Maestro Wilson Fonseca International Airport,STM,BR,Santarém,-2.422423,-54.79306
large_airport,London Stansted Airport,STN,GB,"London, Essex",51.884998,0.235
large_airport,Stuttgart Airport,STR,DE,Stuttgart,48.689899,9.22196
medium_airport,Charles M. Schulz Sonoma County Airport,STS,US,Santa Rosa,38.50899887,-122.8130035
large_airport,Cyril E. King Airport,STT,VI,Charlotte Amalie,18.337091,-64.977251
large_airport,Surat International Airport,STV,IN,Surat,21.115531,72.743251
medium_airport,Stavropol Shpakovskoye Airport,STW,RU,Stavropol,45.10919952392578,42.11280059814453
medium_airport,Henry E. Rohlsen Airport,STX,VI,Christiansted,17.701413,-64.802608
large_airport,Juanda International Airport,SUB,ID,Surabaya,-7.37983,112.787003
large_airport,Lamezia Terme Sant'Eufemia International Airport,SUF,IT,Lamezia Terme (CZ),38.906214,16.246007
medium_airport,Surigao Airport,SUG,PH,Surigao City,9.755838325629998,125.480947495
medium_airport,Vladislav Ardzinba Sukhum International Airport,SUI,GE,Sukhumi,42.8582,41.128101
medium_airport,Satu Mare International Airport,SUJ,RO,Satu Mare,47.7033,22.8857
medium_airport,Friedman Memorial Airport,SUN,US,Hailey,43.50439835,-114.2959976
large_airport,Nausori International Airport,SUV,FJ,Nausori,-18.044226,178.561486
medium_airport,Sioux Gateway Airport / Brigadier General Bud Day Field,SUX,US,Sioux City,42.397605,-96.382237
medium_airport,Savoonga Airport,SVA,US,Savoonga,63.686401,-170.492996
medium_airport,Sambava Airport,SVB,MG,Sambava,-14.2786,50.174702
medium_airport,Grant County Airport,SVC,US,Silver City,32.636701,-108.154736
large_airport,Argyle International Airport,SVD,VC,Kingstown,13.159725,-61.148801
large_airport,"Stavanger Airport, Sola",SVG,NO,Stavanger,58.876701,5.63778
medium_airport,Eduardo Falla Solano Airport,SVI,CO,San Vicente Del Caguán,2.15217,-74.7663
medium_airport,"Svolvær Airport, Helle",SVJ,NO,Svolvær,68.243301,14.6692
medium_airport,Savonlinna Airport,SVL,FI,Savonlinna,61.9431,28.945101
large_airport,Sheremetyevo International Airport,SVO,RU,Moscow,55.976858,37.41121
large_airport,Seville Airport,SVQ,ES,Seville,37.417999,-5.89311
large_airport,Koltsovo Airport,SVX,RU,Yekaterinburg,56.743099212646,60.802700042725
medium_airport,Juan Vicente Gómez International Airport,SVZ,VE,San Antonio del Tachira,7.840809,-72.439878
large_airport,Jieyang Chaoshan International Airport,SWA,CN,Jieyang (Rongcheng),23.552,116.5033
medium_airport,New York Stewart International Airport,SWF,US,Newburgh,41.50421,-74.108901
medium_airport,Stillwater Regional Airport,SWO,US,Stillwater,36.162132,-97.085581
large_airport,Strasbourg Airport,SXB,FR,Strasbourg,48.5383,7.62823
large_airport,Princess Juliana International Airport,SXM,SX,Sint Maarten,18.041,-63.108898
large_airport,Sheikh ul Alam International Airport,SXR,IN,Srinagar,33.987099,74.7742
large_airport,Sydney Kingsford Smith International Airport,SYD,AU,Sydney (Mascot),-33.946098,151.177002
medium_airport,Shonai Airport,SYO,JP,Shonai,38.812199,139.787003
medium_airport,Tobías Bolaños International Airport,SYQ,CR,San Jose,9.95705,-84.139801
large_airport,Syracuse Hancock International Airport,SYR,US,Syracuse,43.11119842529297,-76.1063003540039
medium_airport,Saskylakh Airport,SYS,RU,Saskylakh,71.927902,114.080002
large_airport,Sanya Phoenix International Airport,SYX,CN,Sanya (Tianya),18.3029,109.412003
medium_airport,Stornoway Airport,SYY,GB,"Stornoway, Western Isles",58.215599,-6.33111
large_airport,Shiraz Shahid Dastghaib International Airport,SYZ,IR,Shiraz,29.5392,52.589802
medium_airport,Soyo Airport,SZA,AO,Soyo,-6.141089916229248,12.371800422668455
large_airport,Sultan Abdul Aziz Shah International Airport,SZB,MY,Subang,3.13058,101.549004
medium_airport,Samsun-Çarşamba Airport,SZF,TR,Samsun,41.253988,36.567546
large_airport,Salzburg Airport,SZG,AT,Salzburg,47.793301,13.0043
medium_airport,Shuozhou Zirun Airport,SZH,CN,Shuozhou,39.273241,112.691552
medium_airport,Skukuza Airport,SZK,ZA,Skukuza,-24.96085,31.588587
large_airport,Shenzhen Bao'an International Airport,SZX,CN,Shenzhen,22.639474,113.803262
medium_airport,Olsztyn-Mazury Airport,SZY,PL,Szymany,53.481899,20.9377
large_airport,Solidarity Szczecin–Goleniów Airport,SZZ,PL,Szczecin(Glewice),53.584702,14.9022
large_airport,A.N.R. Robinson International Airport,TAB,TT,Scarborough,11.149571,-60.831298
medium_airport,Daniel Z. Romualdez Airport,TAC,PH,Tacloban City,11.227761,125.027783
large_airport,Daegu International Airport,TAE,KR,Daegu,35.894394,128.656989
large_airport,Bohol-Panglao International Airport,TAG,PH,Panglao,9.573045,123.770143
medium_airport,Whitegrass Airport,TAH,VU,Tanna Island,-19.455099,169.223999
medium_airport,Taiz International Airport,TAI,YE,Taiz,13.686,44.139099
large_airport,Takamatsu Airport,TAK,JP,Takamatsu,34.214963,134.015454
medium_airport,General Francisco Javier Mina International Airport,TAM,MX,Ciudad Madero,22.292622,-97.867058
large_airport,Qingdao Jiaodong International Airport,TAO,CN,Qingdao (Jiaozhou),36.361953,120.088171
medium_airport,Tapachula International Airport,TAP,MX,Tapachula,14.794549,-92.369871
large_airport,Tashkent International Airport,TAS,UZ,Tashkent,41.2579,69.281197
medium_airport,Poprad-Tatry Airport,TAT,SK,Poprad,49.070994,20.241394
medium_airport,Tartu Airport,TAY,EE,Tartu,58.307438,26.686473
large_airport,Dashoguz International Airport,TAZ,TM,Daşoguz,41.759853,59.836149
medium_airport,Dong Tac Airport,TBB,VN,Tuy Hoa,13.0496,109.334
medium_airport,Tugdan Airport,TBH,PH,Tablas Island,12.3109998703,122.084999084
medium_airport,New Bight Airport,TBI,BS,Cat Island,24.3153,-75.452301
medium_airport,Tabarka-Aïn Draham International Airport,TBJ,TN,Tabarka,36.98,8.87694
medium_airport,Waynesville-St. Robert Regional Airport-Forney Field,TBN,US,Fort Leonard Wood,37.7416,-92.140701
medium_airport,Captain Pedro Canga Rodríguez International Airport,TBP,PE,Tumbes,-3.552074,-80.381086
large_airport,Tbilisi International Airport,TBS,GE,Tbilisi,41.669201,44.9547
medium_airport,Tabatinga International Airport,TBT,BR,Tabatinga,-4.25567,-69.935799
large_airport,Fua'amotu International Airport,TBU,TO,Nuku'alofa,-21.241438,-175.149164
large_airport,Tabriz International Airport,TBZ,IR,Tabriz,38.1339,46.235001
medium_airport,Tennant Creek Airport,TCA,AU,Tennant Creek,-19.6343994140625,134.18299865722656
medium_airport,Treasure Cay Airport,TCB,BS,Treasure Cay,26.745300293,-77.3912963867
medium_airport,La Florida Airport,TCO,CO,Tumaco,1.81442,-78.7492
medium_airport,Taba International Airport,TCP,EG,Taba,29.594496,34.775752
medium_airport,Coronel FAP Carlos Ciriani Santa Rosa International Airport,TCQ,PE,Tacna,-18.0533008575,-70.2758026123
medium_airport,Tengchong Tuofeng Airport,TCZ,CN,Baoshan (Tengchong),24.938056,98.485833
medium_airport,Teniente Av. Jorge Henrich Arauz Airport,TDD,BO,Trinidad,-14.8187,-64.917999
medium_airport,Taldykorgan Airport,TDK,KZ,Taldykorgan,45.12255,78.442758
medium_airport,Trat Airport,TDX,TH,Laem Ngop,12.2746,102.319
medium_airport,Teterboro Airport,TEB,US,Teterboro,40.850101,-74.060799
medium_airport,Cheikh Larbi Tébessi Airport,TEE,DZ,Tébessi,35.4315986633,8.12071990967
medium_airport,Tongren Fenghuang Airport,TEN,CN,Tongren (Daxing),27.883333,109.308889
medium_airport,Tekirdağ Çorlu Airport,TEQ,TR,Çorlu,41.138199,27.9191
medium_airport,Lajes Airport,TER,PT,Praia da Vitória,38.761799,-27.090799
large_airport,Tete Airport,TET,MZ,Tete,-16.104799,33.640202
medium_airport,Telluride Regional Airport,TEX,US,Telluride,37.9538,-107.907997
medium_airport,Tezpur Airport,TEZ,IN,,26.7091007232666,92.78469848632812
medium_airport,Tefé Airport,TFF,BR,Tefé,-3.38294,-64.724098
large_airport,Tenerife Norte-Ciudad de La Laguna Airport,TFN,ES,Tenerife,28.482752,-16.341707
large_airport,Tenerife Sur Airport,TFS,ES,Tenerife,28.0445,-16.5725
large_airport,Chengdu Tianfu International Airport,TFU,CN,Chengdu (Jianyang),30.31252,104.441284
large_airport,Podgorica Airport / Podgorica Golubovci Airbase,TGD,ME,Podgorica,42.359402,19.2519
medium_airport,Sultan Mahmud Airport,TGG,MY,Kuala Terengganu,5.3826398849487305,103.10299682617188
medium_airport,Tiga Airport,TGJ,NC,Tiga,-21.096407,167.80379
medium_airport,Taganrog Yuzhny Airport,TGK,RU,Taganrog,47.1983333,38.8491667
medium_airport,Târgu Mureş Transilvania International Airport,TGM,RO,Recea,46.467701,24.4125
medium_airport,Tongliao Airport,TGO,CN,Tongliao,43.556702,122.199997
medium_airport,Touggourt Sidi Madhi Airport,TGR,DZ,Touggourt,33.067799,6.08867
medium_airport,Tanga Airport,TGT,TZ,Tanga,-5.09236,39.071201
medium_airport,Toncontín Airport,TGU,HN,Tegucigalpa,14.0609,-87.217201
medium_airport,Angel Albino Corzo International Airport,TGZ,MX,Tuxtla Gutiérrez,16.561611,-93.025731
medium_airport,Senador Petrônio Portela Airport,THE,BR,Teresina,-5.06025,-42.823712
medium_airport,Thangool Airport,THG,AU,Biloela,-24.494863,150.577967
medium_airport,Tachileik Airport,THL,MM,Tachileik,20.483800888061523,99.9354019165039
medium_airport,Trollhättan-Vänersborg Airport,THN,SE,Trollhättan,58.31809997558594,12.345000267028809
medium_airport,Tianshui Maijishan Airport,THQ,CN,Tianshui (Maiji),34.5601,105.860343
large_airport,Mehrabad International Airport,THR,IR,Tehran,35.689175,51.314392
medium_airport,Sukhothai Airport,THS,TH,,17.238000869750977,99.81819915771484
medium_airport,Pituffik Space Base,THU,GL,Pituffik,76.53063,-68.700541
large_airport,Tirana International Airport Mother Teresa,TIA,AL,Rinas,41.4147,19.7206
large_airport,Taif International Airport,TIF,SA,Taif,21.484739,40.544074
medium_airport,Tikehau Airport,TIH,PF,Tuherahera,-15.1196,-148.231003
large_airport,General Abelardo L. Rodriguez International Airport,TIJ,MX,Tijuana,32.541043,-116.969976
medium_airport,Mozes Kilangin Airport,TIM,ID,Timika,-4.52978,136.887388
medium_airport,Tindouf Airport,TIN,DZ,Tindouf,27.7003993988,-8.167099952700001
medium_airport,Francisco Manglona Borja / Tinian International Airport,TIQ,MP,Tinian Island,14.999207,145.619355
large_airport,Tirupati International Airport,TIR,IN,Tirupati,13.631988,79.539869
medium_airport,Timaru Airport,TIU,NZ,,-44.30279922485352,171.22500610351562
medium_airport,Tivat Airport,TIV,ME,Tivat,42.404701,18.723301
medium_airport,Tacoma Narrows Airport,TIW,US,Tacoma,47.267407,-122.577295
medium_airport,Capitan Oriel Lea Plaza Airport,TJA,BO,Tarija,-21.5557,-64.701302
medium_airport,Warukin Airport,TJG,ID,Tanta-Tabalong,-2.21656,115.435997
medium_airport,Konotori Tajima Airport,TJH,JP,Toyooka,35.512798,134.787003
medium_airport,Tokat Airport,TJK,TR,Tokat,40.32472,36.39056
large_airport,Roshchino International Airport,TJM,RU,Tyumen,57.178984,65.327696
large_airport,Kulob International Airport,TJU,TJ,Kulob,37.988098,69.805
medium_airport,Takoradi Airport,TKD,GH,Sekondi-Takoradi,4.896059989929199,-1.7747600078582764
medium_airport,Truckee Tahoe Airport,TKF,US,Truckee,39.318628,-120.140562
medium_airport,Radin Inten II International Airport,TKG,ID,Bandar Lampung,-5.246803,105.182531
large_airport,Chuuk International Airport,TKK,FM,Weno Island,7.46187,151.843002
medium_airport,Tokunoshima Airport,TKN,JP,Amagi,27.836382,128.881356
medium_airport,Takapoto Airport,TKP,PF,,-14.709500312805176,-145.24600219726562
large_airport,Tokushima Awaodori Airport / JMSDF Tokushima Air Base,TKS,JP,Tokushima,34.132559,134.607816
large_airport,Turku Airport,TKU,FI,Turku,60.514099,22.2628
medium_airport,Takaroa Airport,TKX,PF,,-14.45580005645752,-145.02499389648438
large_airport,Adolfo López Mateos International Airport,TLC,MX,Toluca,19.3369,-99.56583
medium_airport,Toliara Airport,TLE,MG,Toliara,-23.3834,43.7285
medium_airport,Tallahassee International Airport,TLH,US,Tallahassee,30.401209,-84.35433
large_airport,Lennart Meri Tallinn Airport,TLL,EE,Tallinn,59.413246,24.83264
large_airport,Zenata – Messali El Hadj Airport,TLM,DZ,Zenata,35.012732,-1.457117
medium_airport,Toulon-Hyères Airport,TLN,FR,"Hyères, Var",43.097301,6.14603
medium_airport,Turpan Jiaohe Airport,TLQ,CN,Turpan,43.0308,89.0987
large_airport,Toulouse-Blagnac Airport,TLS,FR,Toulouse/Blagnac,43.629101,1.36382
large_airport,Ben Gurion International Airport,TLV,IL,Tel Aviv,32.011398,34.8867
medium_airport,Gustavo Vargas Airport,TME,CO,Tame,6.45108,-71.7603
medium_airport,Tanah Merah Airport,TMH,ID,Tanah Merah,-6.09669,140.303521
medium_airport,Termez Airport,TMJ,UZ,Termez,37.287261,67.311869
large_airport,Yakubu Tali International Airport,TML,GH,Tamale,9.553909,-0.86606
large_airport,Toamasina Ambalamanasy Airport,TMM,MG,Toamasina,-18.113537,49.392262
large_airport,Tampere-Pirkkala Airport,TMP,FI,Tampere / Pirkkala,61.414101,23.604401
large_airport,Aguenar – Hadj Bey Akhamok Airport,TMR,DZ,Tamanrasset,22.810992,5.450832
large_airport,São Tomé International Airport,TMS,ST,São Tomé,0.378175,6.71215
medium_airport,Trombetas Airport,TMT,BR,Oriximiná,-1.4896,-56.396801
medium_airport,Tamworth Airport,TMW,AU,Tamworth,-31.077898,150.845484
medium_airport,Timimoun Airport,TMX,DZ,Timimoun,29.237101,0.276033
large_airport,Jinan Yaoqiang International Airport,TNA,CN,Jinan (Licheng),36.857201,117.216003
medium_airport,Alberto Delgado Airport,TND,CU,Trinidad,21.7883,-79.9972
medium_airport,New Tanegashima Airport,TNE,JP,Tanegashima,30.6051006317,130.990997314
large_airport,Tangier Ibn Battuta Airport,TNG,MA,Tangier,35.731741,-5.921459
medium_airport,Tonghua Sanyuanpu Airport,TNH,CN,Tonghua,42.048435,125.733963
medium_airport,Raja Haji Fisabilillah International Airport,TNJ,ID,Tanjung Pinang-Bintan Island,0.92397,104.53341
large_airport,Tainan International Airport / Tainan Air Base,TNN,TW,Tainan (Rende),22.950399,120.206001
large_airport,Ivato International Airport,TNR,MG,Antananarivo,-18.7969,47.478802
medium_airport,Tioman Airport,TOD,MY,Tioman Island,2.81818,104.160004
medium_airport,Tozeur Nefta International Airport,TOE,TN,Tozeur,33.939701080322266,8.110560417175293
large_airport,Tomsk Kamov Airport,TOF,RU,Tomsk,56.380299,85.208298
medium_airport,Eugene F. Kranz Toledo Express Airport,TOL,US,Toledo,41.5868,-83.8078
large_airport,Tombouktou Airport,TOM,ML,Timbuktu,16.730499,-3.00758
large_airport,Tromsø Airport,TOS,NO,Tromsø,69.683296,18.9189
medium_airport,Touho Airport,TOU,NC,Touho,-20.790127,165.259524
medium_airport,Toyama Kitokito Airport,TOY,JP,Toyama,36.648416,137.187359
large_airport,Tampa International Airport,TPA,US,Tampa,27.9755,-82.533203
large_airport,Taiwan Taoyuan International Airport,TPE,TW,Taoyuan,25.0777,121.233002
medium_airport,Taplejung Airport,TPJ,NP,Taplejung,27.3509,87.69525
medium_airport,Cadete FAP Guillermo Del Castillo Paredes Airport,TPP,PE,Tarapoto,-6.508739948272705,-76.37319946289062
medium_airport,Amado Nervo National Airport,TPQ,MX,Tepic,21.419833,-104.842472
medium_airport,Vincenzo Florio Airport Trapani-Birgi,TPS,IT,Trapani (TP),37.9114,12.488
large_airport,Felipe Carrillo Puerto International Airport Tulum,TQO,MX,Tulum,20.172098,-87.660272
medium_airport,Tarama Airport,TRA,JP,Tarama,24.653793,124.675453
medium_airport,Francisco Sarabia Tinoco International Airport,TRC,MX,Torreón,25.562265,-103.404608
large_airport,"Trondheim Airport, Værnes",TRD,NO,Trondheim,63.457802,10.924
medium_airport,Tiree Airport,TRE,GB,"Balemartine, Argyll and Bute",56.499199,-6.86917
large_airport,"Sandefjord Airport, Torp",TRF,NO,Sandefjord(Torp),59.186699,10.2586
medium_airport,Tauranga Airport,TRG,NZ,Tauranga,-37.67190170288086,176.1959991455078
medium_airport,Tri-Cities Regional TN/VA Airport,TRI,US,Blountville,36.475201,-82.407401
medium_airport,Juwata International Airport / Suharnoko Harbani AFB,TRK,ID,Tarakan,3.325145,117.564169
large_airport,Turin Airport,TRN,IT,Caselle Torinese (TO),45.200802,7.64963
medium_airport,China Bay Airport,TRR,LK,Trincomalee,8.539159,81.18128
large_airport,Trieste Airport,TRS,IT,Ronchi dei Legionari/Trieste,45.827862,13.466672
medium_airport,Toraja Airport,TRT,ID,Toraja,-3.185833,119.91775
large_airport,Capitán FAP Carlos Martínez de Pinillos International Airport,TRU,PE,Trujillo,-8.082382,-79.108821
large_airport,Thiruvananthapuram International Airport,TRV,IN,Thiruvananthapuram,8.481889,76.920029
large_airport,Bonriki International Airport,TRW,KI,South Tarawa,1.38164,173.147003
large_airport,Tiruchirappalli International Airport,TRZ,IN,Tiruchirappalli,10.762915,78.717741
large_airport,Taipei Songshan International Airport,TSA,TW,Taipei (Songshan),25.067244,121.552822
large_airport,Treviso Airport,TSF,IT,Treviso (TV),45.648399,12.1944
medium_airport,Tsushima Airport,TSJ,JP,Tsushima,34.2849006653,129.330993652
medium_airport,Taos Regional Airport,TSM,US,Taos,36.452494,-105.67749
large_airport,Tianjin Binhai International Airport,TSN,CN,Tianjin,39.1244010925,117.346000671
large_airport,Timișoara Traian Vuia International Airport,TSR,RO,Timişoara,45.809898,21.3379
medium_airport,Trang Airport,TST,TH,Trang,7.50874,99.6166
medium_airport,Townsville Airport / RAAF Base Townsville,TSV,AU,Townsville,-19.252904,146.766512
medium_airport,Tan Tan Airport,TTA,MA,Tan Tan,28.447563,-11.161749
medium_airport,Sultan Babullah Airport,TTE,ID,Ternate,0.831012,127.381611
medium_airport,Tottori Sand Dunes Conan Airport,TTJ,JP,Tottori,35.530058,134.165023
medium_airport,Trenton Mercer Airport,TTN,US,Ewing Township,40.276699,-74.813499
medium_airport,Taitung Airport,TTT,TW,Taitung City,22.754856,121.101794
large_airport,Sania Ramel Airport,TTU,MA,Tétouan,35.594299,-5.32002
medium_airport,Lieutenant Colonel Luis A. Mantilla International Airport,TUA,EC,Tulcán,0.809506,-77.708099
medium_airport,Tubuai Airport,TUB,PF,,-23.36540031433105,-149.5240020751953
large_airport,Teniente Benjamín Matienzo International Airport,TUC,AR,San Miguel de Tucumán,-26.837397,-65.104195
medium_airport,Tours Val de Loire Airport,TUF,FR,"Tours, Indre-et-Loire",47.432201,0.727606
medium_airport,Tuguegarao Airport,TUG,PH,Tuguegarao City,17.6433676823,121.733150482
medium_airport,Turaif Domestic Airport,TUI,SA,Turaif,31.692188,38.731544
large_airport,Turbat International Airport,TUK,PK,Turbat,25.984767,63.028856
large_airport,Tulsa International Airport,TUL,US,Tulsa,36.197084,-95.886225
large_airport,Tunis Carthage International Airport,TUN,TN,Tunis,36.851002,10.2272
medium_airport,Taupo Airport,TUO,NZ,Taupo,-38.73970031738281,176.08399963378906
medium_airport,Tupelo Regional Airport,TUP,US,Tupelo,34.26810073852539,-88.7698974609375
medium_airport,Tucuruí Airport,TUR,BR,Tucuruí,-3.78601,-49.720299
large_airport,Tucson International Airport,TUS,US,Tucson,32.115004,-110.938053
large_airport,Prince Sultan bin Abdulaziz International Airport,TUU,SA,Tabuk,28.3711,36.624865
medium_airport,Cherry Capital Airport,TVC,US,Traverse City,44.741402,-85.582199
medium_airport,Thief River Falls Regional Airport,TVF,US,Thief River Falls,48.065701,-96.184998
medium_airport,Tashkent-Khumo International Airport,TVT,UZ,Tashkent,41.312889,69.395535
medium_airport,Dawei Airport,TVY,MM,Dawei,14.1039,98.203598
medium_airport,Joslin Field Magic Valley Regional Airport,TWF,US,Twin Falls,42.4818,-114.487999
medium_airport,Sanga Sanga Airport,TWT,PH,Bongao,5.048196,119.743338
medium_airport,Tawau Airport,TWU,MY,Tawau,4.31338,118.12152
medium_airport,Rembele Airport,TXE,ID,Takengon,4.72113,96.851943
medium_airport,Texarkana Regional Airport (Webb Field),TXK,US,Texarkana,33.453701,-93.990997
large_airport,Huangshan Tunxi International Airport,TXN,CN,Huangshan,29.733299,118.255997
medium_airport,Torsby Airport,TYF,SE,Torsby,60.1576,12.9913
medium_airport,Captain Victor Montes Arias International Airport,TYL,PE,Talara,-4.57664,-81.254097
large_airport,Taiyuan Wusu International Airport,TYN,CN,Taiyuan,37.746899,112.627998
medium_airport,Tyler Pounds Regional Airport,TYR,US,Tyler,32.35409927368164,-95.40239715576172
large_airport,McGhee Tyson Airport,TYS,US,Knoxville/Maryville,35.811001,-83.994003
medium_airport,Sir Barry Bowen Municipal Airport,TZA,BZ,Belize City,17.517239,-88.195775
large_airport,Tuzla International Airport,TZL,BA,Dubrave Gornje,44.459858,18.723627
medium_airport,Congo Town Airport,TZN,BS,Andros,24.158701,-77.589798
medium_airport,Trabzon International Airport,TZX,TR,Trabzon,40.995098,39.7897
medium_airport,"Commander in Chief of FALINTIL, Kay Rala Xanana Gusmão, International Airport",UAI,TL,Suai,-9.301856,125.286302
medium_airport,Domingo Faustino Sarmiento Airport,UAQ,AR,San Juan,-31.571501,-68.418198
medium_airport,Mário de Almeida Franco Airport,UBA,BR,Uberaba,-19.765036,-47.964805
medium_airport,Yamaguchi Ube Airport,UBJ,JP,Ube,33.93,131.279007
large_airport,Ulaanbaatar Chinggis Khaan International Airport,UBN,MN,Ulaanbaatar (Sergelen),47.646916,106.819833
medium_airport,Ubon Ratchathani Airport,UBP,TH,Ubon Ratchathani,15.2512998581,104.870002747
medium_airport,Ulanqab Jining Airport,UCB,CN,Ulanqab,41.130266,113.107274
medium_airport,Ukhta Airport,UCT,RU,Ukhta,63.566898,53.804699
medium_airport,Ten. Cel. Aviador César Bombonato Airport,UDI,BR,Uberlândia,-18.883579,-48.225936
large_airport,Uzhhorod International Airport,UDJ,UA,Uzhhorod,48.6343,22.263399
medium_airport,Maharana Pratap Airport,UDR,IN,Udaipur,24.6177005768,73.89610290530001
medium_airport,Quelimane Airport,UEL,MZ,Quelimane,-17.855499267578125,36.86909866333008
medium_airport,Kumejima Airport,UEO,JP,Kumejima,26.363445,126.71384
large_airport,Quetta International Airport,UET,PK,Quetta,30.2514,66.937798
large_airport,Ufa International Airport,UFA,RU,Ufa,54.557498931885,55.874401092529
medium_airport,Bulgan Airport,UGA,MN,Bulgan,48.85499954223633,103.47599792480467
large_airport,Urgench International Airport,UGC,UZ,Urgench,41.58274,60.64338
medium_airport,Bilorai Airport,UGU,ID,Bilogai,-3.739503,137.031183
medium_airport,El Caraño Airport,UIB,CO,Quibdó,5.69076,-76.6412
medium_airport,Phu Cat Airport,UIH,VN,Quy Nohn,13.955,109.042
medium_airport,Quincy Regional Airport Baldwin Field,UIN,US,Quincy,39.942699,-91.194603
large_airport,Mariscal Sucre International Airport,UIO,EC,Quito,-0.125399,-78.354306
large_airport,Kobe Airport,UKB,JP,Kobe,34.632801,135.223999
medium_airport,Utkela Airport,UKE,IN,Bhawanipatna,20.097778,83.183333
large_airport,Oskemen International Airport,UKK,KZ,Ust-Kamenogorsk (Oskemen),50.035033,82.496057
medium_airport,Ust-Kut Airport,UKX,RU,Ust-Kut,56.856701,105.730003
medium_airport,Ölgii Mongolei International Airport,ULG,MN,Ölgii,48.993301,89.922501
large_airport,Al-Ula International Airport,ULH,SA,Al-Ula,26.483634,38.117048
medium_airport,Lensk Airport,ULK,RU,Lensk,60.7206001282,114.825996399
medium_airport,Ulaangom Airport,ULO,MN,Ulaangom,50.066588,91.938273
medium_airport,Quilpie Airport,ULP,AU,,-26.609176,144.253746
medium_airport,Gulu Airport,ULU,UG,Gulu,2.805560111999512,32.27180099487305
medium_airport,Ulyanovsk Baratayevka Airport,ULV,RU,Ulyanovsk,54.27016,48.225569
medium_airport,Ulyanovsk Vostochny Airport,ULY,RU,Cherdakly,54.401001,48.8027
large_airport,Umeå Airport,UME,SE,Umeå,63.791801,20.282801
medium_airport,Union Island International Airport,UNI,VC,Union Island,12.600135,-61.411945
medium_airport,Unalakleet Airport,UNK,US,Unalakleet,63.888401,-160.798996
medium_airport,Ranong Airport,UNN,TH,Ranong,9.77762,98.585503
large_airport,Sultan Hasanuddin International Airport,UPG,ID,Makassar,-5.075539,119.553702
medium_airport,Uruapan - Licenciado y General Ignacio Lopez Rayon International Airport,UPN,MX,Uruapan,19.3967,-102.039001
large_airport,Manshuk Mametova International Airport,URA,KZ,Uralsk,51.151976,51.543652
large_airport,Ürümqi Tianshan International Airport,URC,CN,Ürümqi,43.913584,87.479372
medium_airport,Kuressaare Airport,URE,EE,Kuressaare,58.22990036010742,22.50950050354004
medium_airport,Rubem Berta Airport,URG,BR,Uruguaiana,-29.7822,-57.0382
medium_airport,Uray Airport,URJ,RU,Uray,60.103298,64.826698
medium_airport,Kursk East Airport,URS,RU,Kursk,51.7505989074707,36.29560089111328
medium_airport,Surat Thani Airport,URT,TH,Surat Thani,9.13259983063,99.135597229
medium_airport,Gurayat Domestic Airport,URY,SA,Gurayat,31.412413,37.278898
medium_airport,Concord-Padgett Regional Airport,USA,US,Concord,35.387798,-80.709099
medium_airport,Ushuaia - Malvinas Argentinas International Airport,USH,AR,Ushuaia,-54.8433,-68.2958
medium_airport,Usinsk Airport,USK,RU,Usinsk,66.0047,57.367199
large_airport,Samui International Airport,USM,TH,Na Thon (Ko Samui Island),9.54779,100.061996
medium_airport,Ulsan Airport,USN,KR,Ulsan,35.59349823,129.352005005
medium_airport,Ust-Nera Airport,USR,RU,Ust-Nera,64.550003,143.115005
medium_airport,Northeast Florida Regional Airport,UST,US,St Augustine,29.9592,-81.339798
medium_airport,Francisco B. Reyes (Busuanga) Airport,USU,PH,Coron,12.121865,120.100801
large_airport,Udon Thani International Airport,UTH,TH,Udon Thani,17.386186,102.788577
medium_airport,Upington Airport,UTN,ZA,Upington,-28.400246,21.263592
medium_airport,Indian Mountain LRRS Airport,UTO,US,Utopia Creek,65.992798,-153.703995
large_airport,U-Tapao–Rayong–Pattaya International Airport,UTP,TH,Rayong,12.6799,101.004997
medium_airport,K. D. Matanzima Airport,UTT,ZA,Mthatha,-31.5463631849,28.6733551025
medium_airport,Bugulma Airport,UUA,RU,Bugulma,54.641184,52.800229
large_airport,Baikal International Airport,UUD,RU,Ulan Ude,51.808614,107.439652
large_airport,Yuzhno-Sakhalinsk International Airport,UUS,RU,Yuzhno-Sakhalinsk,46.885461,142.717466
medium_airport,Ouvéa Airport,UVE,NC,Ouvéa,-20.640932,166.573024
large_airport,Hewanorra International Airport,UVF,LC,Vieux Fort,13.7332,-60.952599
medium_airport,Nyala Airport,UYL,SD,Nyala,12.0535,24.9562
medium_airport,Yulin Yuyang Airport,UYN,CN,Yulin,38.35971,109.590927
large_airport,Joya Andina International Airport,UYU,BO,Quijarro,-20.441304,-66.857553
large_airport,Vaasa Airport,VAA,FI,Vaasa,63.05023,21.762543
medium_airport,Vanimo Airport,VAI,PG,Vanimo,-2.6926,141.3028
medium_airport,Villa International Airport Maamigili,VAM,MV,Maamigili,3.471751,72.832633
medium_airport,Van Ferit Melen Airport,VAN,TR,Van,38.46820068359375,43.332298278808594
medium_airport,Vanavara Airport,VAQ,RU,Vanavara,60.356229,102.309641
large_airport,Varna Airport,VAR,BG,Varna,43.232101,27.8251
large_airport,Vava'u International Airport,VAV,TO,Vava'u Island,-18.5853,-173.962006
medium_airport,"Vardø Airport, Svartnes",VAW,NO,Vardø,70.3554,31.044901
medium_airport,Brescia Gabriele d'Annunzio Airport,VBS,IT,Montichiari (BS),45.428902,10.3306
large_airport,Visby Airport,VBY,SE,Visby,57.6628,18.346201
large_airport,Can Tho International Airport,VCA,VN,Can Tho,10.083397,105.709371
large_airport,Venice Marco Polo Airport,VCE,IT,Venezia (VE),45.505299,12.3519
large_airport,Viracopos International Airport,VCP,BR,Campinas,-23.007404,-47.134502
medium_airport,Con Dao Airport,VCS,VN,Con Dao,8.73183,106.633003
medium_airport,Victoria Regional Airport,VCT,US,Victoria,28.85260009765625,-96.9185028076172
medium_airport,Glauber de Andrade Rocha Airport,VDC,BR,Vitória da Conquista,-14.907885,-40.914804
medium_airport,El Hierro Airport,VDE,ES,El Hierro Island,27.8148,-17.8871
medium_airport,Dong Hoi Airport,VDH,VN,Dong Hoi,17.515,106.590556
medium_airport,Gobernador Castello Airport,VDM,AR,Viedma / Carmen de Patagones,-40.8692,-63.0004
medium_airport,Van Don International Airport,VDO,VN,Van Don,21.120693,107.41539
medium_airport,Vadsø Airport,VDS,NO,Vadsø,70.0653,29.8447
medium_airport,Valdez Pioneer Field,VDZ,US,Valdez,61.132712,-146.246567
medium_airport,Vernal Regional Airport,VEL,US,Vernal,40.436214,-109.511661
medium_airport,Severo-Yeniseysk Airport,VEO,RU,Severo-Yeniseysk,60.373299,93.011703
large_airport,General Heriberto Jara International Airport,VER,MX,Veracruz,19.139589,-96.188602
large_airport,Victoria Falls International Airport,VFA,ZW,Victoria Falls,-18.097437,25.836867
large_airport,Vijayawada International Airport,VGA,IN,Vijayawada,16.530011,80.804888
medium_airport,Vigo Airport,VGO,ES,Vigo,42.2318,-8.62677
medium_airport,Vilhelmina South Lapland Airport,VHM,SE,Vilhelmina,64.579102,16.833599
large_airport,Vienna International Airport,VIE,AT,Vienna,48.110298,16.5697
medium_airport,Juan Pablo Pérez Alfonso Airport,VIG,VE,El Vigía,8.624139,-71.672668
medium_airport,Vinh Airport,VII,VN,Vinh,18.7376003265,105.67099762
medium_airport,Virgin Gorda Airport,VIJ,VG,Spanish Town,18.446634,-64.427932
large_airport,Dakhla Airport,VIL,EH,Dakhla,23.7183,-15.932
medium_airport,Vitoria Airport,VIT,ES,Alava,42.882801,-2.72447
large_airport,Eurico de Aguiar Salles International Airport,VIX,BR,Vitória,-20.258,-40.285
medium_airport,Rach Gia Airport,VKG,VN,Rach Gia,9.95802997234,105.132379532
large_airport,Vnukovo International Airport,VKO,RU,Moscow,55.591499,37.261501
medium_airport,Vorkuta Airport,VKT,RU,Vorkuta,67.488602,63.993099
large_airport,Valencia Airport,VLC,ES,Valencia,39.489162,-0.480961
medium_airport,Valdosta Regional Airport,VLD,US,Valdosta,30.78249931335449,-83.27670288085938
large_airport,Bauerfield International Airport,VLI,VU,Port Vila,-17.699301,168.320007
medium_airport,Valladolid Airport,VLL,ES,Valladolid,41.7061,-4.85194
large_airport,Arturo Michelena International Airport,VLN,VE,Valencia,10.149733,-67.928398
medium_airport,Dr. Antonio Nicolás Briceño Airport,VLV,VE,Valera,9.340478,-70.584061
medium_airport,Baimuru Airport,VMU,PG,Baimuru,-7.496955,144.821756
large_airport,Vilnius International Airport,VNO,LT,Vilnius,54.634102,25.285801
large_airport,Lal Bahadur Shastri International Airport,VNS,IN,Varanasi,25.452171,82.862549
medium_airport,Vilankulo Airport,VNX,MZ,Vilanculo,-22.018400192260746,35.31330108642578
large_airport,Volgograd International Airport,VOG,RU,Volgograd,48.78134,44.339194
medium_airport,Nea Anchialos National Airport,VOL,GR,Nea Anchialos,39.219601,22.7943
medium_airport,Voronezh International Airport,VOZ,RU,Voronezh,51.814324,39.230948
medium_airport,Ngjiva Pereira Airport,VPE,AO,Ngiva,-17.0435009003,15.683799743700002
medium_airport,Vopnafjörður Airport,VPN,IS,Vopnafjörður,65.720596,-14.8506
medium_airport,Destin-Fort Walton Beach Airport,VPS,US,Valparaiso,30.481315,-86.515839
medium_airport,Chimoio Airport,VPY,MZ,Chimoio,-19.15130043029785,33.42900085449219
medium_airport,Antonio Rivera Rodriguez Airport,VQS,PR,Vieques,18.1348,-65.493599
large_airport,Juan Gualberto Gomez International Airport,VRA,CU,Matanzas,23.034401,-81.435303
medium_airport,Vero Beach Regional Airport,VRB,US,Vero Beach,27.6556,-80.417901
medium_airport,Virac Airport,VRC,PH,Virac,13.57639980316162,124.20600128173828
medium_airport,Vila Real Airport,VRL,PT,Vila Real,41.2743,-7.72047
large_airport,Verona Villafranca Valerio Catullo Airport,VRN,IT,Caselle (VR),45.394955,10.887303
large_airport,Carlos Rovirosa Pérez International Airport,VSA,MX,Villahermosa,17.994283,-92.818199
medium_airport,Aerodromo Goncalves Lobato (Viseu Airport),VSE,PT,Viseu,40.725498,-7.88899
large_airport,Stockholm Västerås Airport,VST,SE,Stockholm / Västerås,59.589401,16.6336
large_airport,Wattay International Airport,VTE,LA,Vientiane,17.985052,102.566692
medium_airport,Hermanos Ameijeiras Airport,VTU,CU,Las Tunas,20.9876,-76.935799
large_airport,Visakhapatnam International Airport,VTZ,IN,Visakhapatnam,17.723506,83.227729
medium_airport,Alfonso López Pumarejo Airport,VUP,CO,Valledupar,10.435,-73.2495
medium_airport,Velikiy Ustyug Airport,VUS,RU,Velikiy Ustyug,60.7883,46.259998
medium_airport,Vanguardia Airport,VVC,CO,Villavicencio,4.16787,-73.6138
large_airport,Viru Viru International Airport,VVI,BO,Santa Cruz,-17.6448,-63.135399
large_airport,Vladivostok International Airport,VVO,RU,Artyom,43.396256,132.148155
medium_airport,Illizi Takhamalt Airport,VVZ,DZ,Illizi,26.723499,8.62265
medium_airport,Lichinga Airport,VXC,MZ,Lichinga,-13.274,35.2663
large_airport,Cesaria Evora International Airport,VXE,CV,São Pedro,16.833363,-25.055308
medium_airport,Växjö Kronoberg Airport,VXO,SE,Växjö,56.92910003662109,14.727999687194824
medium_airport,Vilyuisk Airport,VYI,RU,Vilyuisk,63.756668,121.693336
medium_airport,Wadi Al Dawasir Domestic Airport,WAE,SA,Wadi Al Dawasir,20.504299,45.1996
medium_airport,Wanganui Airport,WAG,NZ,Wanganui,-39.963467,175.02444
large_airport,Warsaw Chopin Airport,WAW,PL,Warsaw,52.165699,20.9671
medium_airport,Wapenamanda Airport,WBM,PG,Wapenamanda,-5.635293,143.892231
large_airport,Hosea Kutako International Airport,WDH,,Windhoek,-22.4799,17.4709
medium_airport,Shiyan Wudangshan Airport,WDS,CN,Shiyan (Maojian),32.592889,110.906296
medium_airport,Weifang Nanyuan Airport,WEF,CN,Weifang (Kuiwen),36.646702,119.119003
medium_airport,Weihai Dashuibo Airport,WEH,CN,Weihai,37.187099,122.228996
medium_airport,Weipa Airport,WEI,AU,Weipa,-12.677493,141.922618
medium_airport,Wagga Wagga Airport,WGA,AU,Forest Hill,-35.163484,147.46832
medium_airport,Walgett Airport,WGE,AU,,-30.032801,148.126007
medium_airport,Shaoyang Wugang Airport,WGN,CN,Shaoyang (Wugang),26.806123,110.641042
medium_airport,Wuhu Xuanzhou Airport,WHA,CN,Wuhu,31.1045,118.66687
medium_airport,Whakatāne Airport,WHK,NZ,Whakatāne,-37.922224,176.91696
medium_airport,Wick John O'Groats Airport,WIC,GB,Wick,58.4589,-3.09306
medium_airport,Nairobi Wilson Airport,WIL,KE,Nairobi,-1.32172,36.8148
medium_airport,Winton Airport,WIN,AU,,-22.36359977722168,143.08599853515625
medium_airport,Wajir Airport,WJR,KE,Wajir,1.73324,40.091599
medium_airport,Wonju Airport / Hoengseong Air Base (K-38/K-46),WJU,KR,Wonju,37.437113,127.960051
medium_airport,Wanaka Airport,WKA,NZ,Wanaka,-44.722091,169.246287
medium_airport,Wakkanai Airport,WKJ,JP,Wakkanai,45.4042015076,141.800994873
medium_airport,Aleknagik / New Airport,WKK,US,Aleknagik,59.2826004028,-158.617996216
large_airport,Wellington International Airport,WLG,NZ,Wellington,-41.326839,174.806862
large_airport,Hihifo Airport,WLS,WF,Wallis Island,-13.239445,-176.19865
large_airport,Warsaw Modlin Airport,WMI,PL,Nowy Dwór Mazowiecki,52.451099,20.6518
medium_airport,Maroantsetra Airport,WMN,MG,Maroantsetra,-15.437742,49.689081
medium_airport,Zunyi Maotai Airport,WMT,CN,Zunyi,27.961837,106.435416
medium_airport,Wamena Airport,WMX,ID,Wamena,-4.097324,138.952417
medium_airport,Matahora Airport,WNI,ID,Wangi-wangi Island,-5.292123,123.636233
medium_airport,Naga Airport,WNP,PH,Naga,13.58489990234375,123.2699966430664
medium_airport,Windorah Airport,WNR,AU,Windorah,-25.410641,142.668428
medium_airport,Shaheed Benazirabad Airport,WNS,PK,Nawabashah,26.2194,68.390099
large_airport,Wenzhou Longwan International Airport,WNZ,CN,Wenzhou (Longwan),27.910572,120.853465
medium_airport,Shellharbour Airport,WOL,AU,Albion Park Rail,-34.5611,150.789001
medium_airport,Wonsan Kalma Airport,WOS,KP,Wonsan,39.165219,127.487931
medium_airport,Whangarei Airport,WRE,NZ,Whangarei,-35.769253,174.363713
medium_airport,Wrangell Airport,WRG,US,Wrangell,56.48429871,-132.3699951
large_airport,Copernicus Wrocław Airport,WRO,PL,Wrocław,51.103719,16.882096
large_airport,[Duplicate] Western Sydney International Airport,WSI,AU,Sydney,-33.88806,150.71472
medium_airport,Westerly State Airport,WST,US,Westerly,41.349602,-71.803398
medium_airport,Westport Airport,WSZ,NZ,Westport,-41.737111,171.579033
large_airport,Toowoomba Wellcamp Airport,WTB,AU,Toowoomba,-27.558332,151.793335
medium_airport,Wuhai Airport,WUA,CN,Wuhai,39.7934,106.7993
large_airport,Wuhan Tianhe International Airport,WUH,CN,Wuhan (Huangpi),30.774798,114.213723
medium_airport,Wiluna Airport,WUN,AU,,-26.629199981689453,120.22100067138672
medium_airport,Nanping Wuyishan Airport,WUS,CN,Wuyishan,27.7019,118.000999
medium_airport,Wau Airport,WUU,SS,Wau,7.72583,27.975
large_airport,Sunan Shuofang International Airport,WUX,CN,Wuxi,31.496952,120.43038
medium_airport,Wuzhou Xijiang Airport,WUZ,CN,Tangbu,23.40316,111.09331
large_airport,Walvis Bay International Airport,WVB,,Walvis Bay(Rooikop),-22.979332,14.647102
medium_airport,Wewak International Airport,WWK,PG,Wewak,-3.58383011818,143.669006348
medium_airport,Whyalla Airport,WYA,AU,Whyalla,-33.05889892578125,137.51400756835938
medium_airport,Yellowstone Airport,WYS,US,West Yellowstone,44.6884,-111.117996
medium_airport,Xinyang Minggang Airport,XAI,CN,Xinyang,32.540819,114.079141
medium_airport,Serafin Enoss Bertaso Airport,XAP,BR,Chapecó,-27.134199,-52.656601
large_airport,Birjand International Airport,XBJ,IR,Birjand,32.896525,59.281258
medium_airport,Christmas Island International Airport,XCH,CX,Flying Fish Cove,-10.450387,105.6911
medium_airport,Chalons Vatry airport,XCR,FR,Chalons en Champagne,48.77333,4.20611
medium_airport,Xiangyang Liuji Airport,XFN,CN,Xiangyang (Xiangzhou),32.152222,112.291666
medium_airport,Xichang Qingshan Airport,XIC,CN,Liangshan (Xichang),27.9891,102.183998
medium_airport,Xilinhot Airport,XIL,CN,Xilinhot,43.91559982299805,115.96399688720705
large_airport,Xi'an Xianyang International Airport,XIY,CN,Xi'an,34.442207,108.762385
medium_airport,Kasabonika Airport,XKS,CA,Kasabonika,53.52470016479492,-88.6427993774414
medium_airport,Manihi Airport,XMH,PF,,-14.436800003051758,-146.07000732421875
large_airport,Xiamen Gaoqi International Airport,XMN,CN,Xiamen,24.543889,118.127454
medium_airport,Coronel E Carvajal Airport,XMS,EC,Macas,-2.299170017242432,-78.12079620361328
medium_airport,Northwest Arkansas National Airport,XNA,US,Fayetteville/Springdale/Rogers,36.281898,-94.306801
large_airport,Xining Caojiabao International Airport,XNN,CN,Haidong (Huzhu Tu Autonomous County),36.52775,102.040215
large_airport,Palmerola International Airport,XPL,HN,Palmerola,14.3824,-87.621201
medium_airport,Quepos Managua Airport,XQP,CR,Quepos,9.44316,-84.129799
medium_airport,Qualicum Beach Airport,XQU,CA,Qualicum Beach,49.337456,-124.393086
medium_airport,Jerez Airport,XRY,ES,Jerez de la Frontera,36.744598,-6.06011
medium_airport,South Caicos Airport,XSC,TC,South Caicos,21.515699,-71.528503
medium_airport,Seletar Airport,XSP,SG,Seletar,1.41555,103.86673
medium_airport,Thargomindah Airport,XTG,AU,Thargomindah,-27.986368,143.812065
medium_airport,Xuzhou Guanyin International Airport,XUZ,CN,Xuzhou,34.059056,117.555278
medium_airport,Williston Basin International Airport,XWA,US,Williston,48.260863,-103.75116
medium_airport,Anahim Lake Airport,YAA,CA,Anahim Lake,52.451501,-125.303776
medium_airport,Fort Frances Municipal Airport,YAG,CA,Fort Frances,48.655749,-93.44349
medium_airport,Yakutat Airport,YAK,US,Yakutat,59.508717,-139.660435
medium_airport,Sault Ste Marie Airport,YAM,CA,Sault Ste Marie,46.483216,-84.508467
large_airport,Yap International Airport,YAP,FM,Yap Island,9.49891,138.082993
medium_airport,St. Anthony Airport,YAY,CA,St. Anthony,51.391909,-56.08321
medium_airport,Tofino / Long Beach Airport,YAZ,CA,Tofino,49.079833,-125.775583
medium_airport,Baie-Comeau Airport,YBC,CA,Baie-Comeau,49.1325,-68.204399
medium_airport,Saguenay-Bagotville Airport,YBG,CA,Saguenay,48.330123,-70.992012
medium_airport,Baker Lake Airport,YBK,CA,Baker Lake,64.29889678960001,-96.077796936
medium_airport,Campbell River Airport,YBL,CA,Campbell River,49.950802,-125.271004
medium_airport,Yibin Wuliangye Airport,YBP,CN,Yibin (Cuiping),28.858431,104.526157
medium_airport,Brandon Municipal Airport,YBR,CA,Brandon,49.91,-99.951897
medium_airport,Lourdes-de-Blanc-Sablon Airport,YBX,CA,Blanc-Sablon,51.4436,-57.185299
medium_airport,Bonnyville Airport,YBY,CA,Bonnyville,54.304199,-110.744003
medium_airport,Cambridge Bay Airport,YCB,CA,Cambridge Bay,69.1081008911,-105.138000488
medium_airport,Nanaimo Airport,YCD,CA,Nanaimo,49.05497,-123.869863
medium_airport,Castlegar/West Kootenay Regional Airport,YCG,CA,Castlegar,49.296398,-117.632004
medium_airport,Charlo Airport,YCL,CA,Charlo,47.990799,-66.330299
medium_airport,Niagara District Airport,YCM,CA,Niagara-on-the-Lake,43.191598,-79.171686
large_airport,Yuncheng Yanhu International Airport,YCU,CN,Yuncheng (Yanhu),35.117823,111.034023
medium_airport,Dawson City Airport,YDA,CA,Dawson City,64.04309844970703,-139.1280059814453
medium_airport,Deer Lake Airport,YDF,CA,Deer Lake,49.208159,-57.396147
medium_airport,Dauphin Barker Airport,YDN,CA,Dauphin,51.1008,-100.052002
large_airport,Edmonton International Airport,YEG,CA,Edmonton,53.3097,-113.580002
medium_airport,Bursa Yenişehir Airport,YEI,TR,Yenişehir,40.255199,29.562599
medium_airport,Inuvik Mike Zubko Airport,YEV,CA,Inuvik,68.30419921880001,-133.483001709
medium_airport,Iqaluit Airport,YFB,CA,Iqaluit,63.756402,-68.555801
medium_airport,Fredericton International Airport,YFC,CA,Fredericton,45.868697,-66.529891
medium_airport,Fort Simpson Airport,YFS,CA,Fort Simpson,61.76020050048828,-121.23699951171876
medium_airport,Yonago Kitaro Airport / JASDF Miho Air Base,YGJ,JP,Yonago,35.492199,133.235992
medium_airport,La Grande Rivière Airport,YGL,CA,La Grande Rivière,53.625301361083984,-77.7042007446289
medium_airport,Michel-Pouliot Gaspé Airport,YGP,CA,Gaspé,48.774915,-64.481893
medium_airport,Îles-de-la-Madeleine Airport,YGR,CA,Les Îles-de-la-Madeleine,47.425242,-61.778612
medium_airport,Havre-Saint-Pierre Airport,YGV,CA,Havre-Saint-Pierre,50.281898,-63.611401
medium_airport,Kuujjuarapik Airport,YGW,CA,Kuujjuarapik,55.28189849853516,-77.76529693603516
medium_airport,John C. Munro Hamilton International Airport,YHM,CA,Hamilton,43.17348,-79.931185
medium_airport,Montréal / Saint-Hubert Metropolitan Airport,YHU,CA,Montréal,45.517502,-73.416901
medium_airport,Hay River / Merlyn Carter Airport,YHY,CA,Hay River,60.8396987915,-115.782997131
large_airport,Halifax / Stanfield International Airport,YHZ,CA,Halifax,44.8807983398,-63.5085983276
large_airport,Yogyakarta International Airport,YIA,ID,Yogyakarta,-7.905338,110.057264
medium_airport,Yichun Mingyueshan Airport,YIC,CN,Yichun,27.8025,114.3062
medium_airport,Arxan Yi'ershi Airport,YIE,CN,Arxan,47.3106,119.9117
medium_airport,St Augustin Airport,YIF,CA,St-Augustin,51.2117,-58.658298
medium_airport,Yichang Sanxia Airport,YIH,CN,Yichang (Xiaoting),30.554132,111.482563
medium_airport,Ili Yining International Airport,YIN,CN,Ili (Yining / Ghulja),43.955799,81.330299
medium_airport,Island Lake Airport,YIV,CA,Island Lake,53.857200622558594,-94.65360260009766
large_airport,Yiwu Airport,YIW,CN,Yiwu/Jinhua,29.342095,120.03116
medium_airport,Stephenville Dymond International Airport,YJT,CA,Stephenville,48.54339,-58.552892
medium_airport,Kamloops John Moose Fulton Field Regional Airport,YKA,CA,Kamloops,50.703038,-120.448641
medium_airport,Region of Waterloo International Airport,YKF,CA,Breslau,43.4608,-80.378601
medium_airport,Yingkou Lanqi Airport,YKH,CN,Yingkou (Laobian),40.542524,122.3586
medium_airport,Schefferville Airport,YKL,CA,Schefferville,54.805301666259766,-66.8052978515625
medium_airport,Yakima Air Terminal McAllister Field,YKM,US,Yakima,46.56819916,-120.5439987
medium_airport,Hakkari Yüksekova Airport,YKO,TR,Hakkari,37.5497,44.2381
large_airport,Platon Oyunsky Yakutsk International Airport,YKS,RU,Yakutsk,62.0933,129.770996
medium_airport,Barrie-Lake Simcoe Regional Airport,YLK,CA,Barrie,44.485056,-79.554663
medium_airport,Lloydminster Airport,YLL,CA,Lloydminster,53.3092,-110.072998
large_airport,Kelowna International Airport,YLW,CA,Kelowna,49.9561,-119.377998
medium_airport,Yulin Fumian Airport,YLX,CN,Yulin,22.433042,110.119996
medium_airport,Fort McMurray International Airport,YMM,CA,Fort McMurray,56.653301,-111.222
medium_airport,Moosonee Airport,YMO,CA,Moosonee,51.29109954833984,-80.60780334472656
medium_airport,Moises Benzaquen Rengifo Airport,YMS,PE,Yurimaguas,-5.89377,-76.118202
medium_airport,Chapais Airport,YMT,CA,Chibougamau,49.77190017700195,-74.5280990600586
medium_airport,Montreal Mirabel International Airport,YMX,CA,Montréal,45.679501,-74.038696
medium_airport,Natashquan Airport,YNA,CA,Natashquan,50.190114,-61.78898
large_airport,Prince Abdulmohsen Bin Abdulaziz International Airport,YNB,SA,Yanbu,24.144199,38.0634
medium_airport,Ottawa / Gatineau Airport,YND,CA,Gatineau,45.521702,-75.563599
medium_airport,Yanji Chaoyangchuan Airport,YNJ,CN,Yanji,42.8828010559,129.451004028
medium_airport,Points North Landing Airport,YNL,CA,Points North Landing,58.27669906616211,-104.08200073242188
large_airport,Yantai Penglai International Airport,YNT,CN,Yantai,37.659724,120.978124
large_airport,Yangyang International Airport,YNY,KR,Gonghang-ro,38.060481,128.669822
large_airport,Yancheng Nanyang International Airport,YNZ,CN,Yancheng (Tinghu),33.428317,120.20545
medium_airport,High Level Airport,YOJ,CA,High Level,58.62139892578125,-117.16500091552734
medium_airport,Yola Airport,YOL,NG,Yola,9.257550239562988,12.430399894714355
large_airport,Ottawa Macdonald-Cartier International Airport,YOW,CA,Ottawa,45.322498,-75.669197
medium_airport,Prince Albert Glass Field,YPA,CA,Prince Albert,53.2141990662,-105.672996521
medium_airport,Peace River Airport,YPE,CA,Peace River,56.226898,-117.446999
medium_airport,Pickle Lake Airport,YPL,CA,Pickle Lake,51.4463996887207,-90.21420288085938
medium_airport,Port-Menier Airport,YPN,CA,Port-Menier,49.836399,-64.288597
medium_airport,Peterborough Regional Airport,YPQ,CA,Peterborough,44.232251,-78.362053
medium_airport,Prince Rupert Airport,YPR,CA,Prince Rupert,54.2860984802,-130.445007324
medium_airport,Powell River Airport,YPW,CA,Powell River,49.83420181274414,-124.5
medium_airport,Puvirnituq Airport,YPX,CA,Puvirnituq,60.050598,-77.286903
medium_airport,Fort Chipewyan Airport,YPY,CA,Fort Chipewyan,58.7672004699707,-111.11699676513672
medium_airport,Burns Lake Airport,YPZ,CA,Burns Lake,54.3764,-125.950996
medium_airport,Muskoka Airport,YQA,CA,Gravenhurst,44.975376,-79.306546
large_airport,Quebec Jean Lesage International Airport,YQB,CA,Quebec,46.7911,-71.393303
medium_airport,The Pas Airport,YQD,CA,The Pas,53.97140121459961,-101.09100341796876
medium_airport,Windsor International Airport,YQG,CA,Windsor,42.2756,-82.955597
medium_airport,Watson Lake Airport,YQH,CA,Watson Lake,60.116839,-128.821993
medium_airport,Kenora Airport,YQK,CA,Kenora,49.78829956054688,-94.36309814453124
medium_airport,Lethbridge County Airport,YQL,CA,Lethbridge,49.6302986145,-112.800003052
medium_airport,Greater Moncton Roméo LeBlanc International Airport,YQM,CA,Moncton,46.113189,-64.67719
medium_airport,Nakina Airport,YQN,CA,Nakina,50.18280029296875,-86.69640350341797
medium_airport,Comox Valley International Airport / CFB Comox,YQQ,CA,Comox,49.7108,-124.887001
medium_airport,Regina International Airport,YQR,CA,Regina,50.431938,-104.660906
medium_airport,Thunder Bay International Airport,YQT,CA,Thunder Bay,48.371899,-89.323898
medium_airport,Grande Prairie Airport,YQU,CA,Grande Prairie,55.1796989441,-118.885002136
medium_airport,Gander International Airport,YQX,CA,Gander,48.936258,-54.567719
medium_airport,Sydney / J.A. Douglas McCurdy Airport,YQY,CA,Sydney,46.161072,-60.049759
medium_airport,Quesnel Airport,YQZ,CA,Quesnel,53.026100158691406,-122.51000213623048
medium_airport,Resolute Bay Airport,YRB,CA,Resolute Bay,74.7169036865,-94.9693984985
medium_airport,Roberval Airport,YRJ,CA,Roberval,48.519665,-72.265735
medium_airport,Red Lake Airport,YRL,CA,Red Lake,51.06689834594727,-93.79309844970705
medium_airport,Ottawa / Rockcliffe Airport,YRO,CA,Ottawa,45.460496,-75.644001
medium_airport,Rankin Inlet Airport,YRT,CA,Rankin Inlet,62.8114013672,-92.1157989502
medium_airport,Sudbury Airport,YSB,CA,Sudbury,46.625,-80.79889678955078
medium_airport,Stony Rapids Airport,YSF,CA,Stony Rapids,59.250301361083984,-105.84100341796876
medium_airport,Saint John Airport,YSJ,CA,Saint John,45.31610107421875,-65.89029693603516
medium_airport,Saint-Léonard Airport,YSL,CA,Saint-Léonard,47.157097,-67.836242
medium_airport,Fort Smith Airport,YSM,CA,Fort Smith,60.020302,-111.961998
medium_airport,Songyuan Chaganhu Airport,YSQ,CN,Qian Gorlos Mongol Autonomous County,44.931143,124.552121
medium_airport,Thompson Airport,YTH,CA,Thompson,55.80110168457031,-97.86419677734376
medium_airport,Timmins/Victor M. Power,YTS,CA,Timmins,48.5696983337,-81.376701355
medium_airport,Yangzhou Taizhou Airport,YTY,CN,Yangzhou,32.5634,119.7198
medium_airport,Billy Bishop Toronto City Airport,YTZ,CA,Toronto,43.627852,-79.39553
large_airport,Montreal / Pierre Elliott Trudeau International Airport,YUL,CA,Montréal,45.467837,-73.742294
medium_airport,Yuma International Airport / Marine Corps Air Station Yuma,YUM,US,Yuma,32.650938,-114.609375
medium_airport,Yushu Batang Airport,YUS,CN,Yushu (Batang),32.836389,97.036389
medium_airport,Hall Beach Airport,YUX,CA,Sanirajak,68.7761,-81.2425
medium_airport,Rouyn Noranda Airport,YUY,CA,Rouyn-Noranda,48.20610046386719,-78.83560180664062
medium_airport,Bonaventure Airport,YVB,CA,Bonaventure,48.071098,-65.460297
medium_airport,La Ronge Airport,YVC,CA,La Ronge,55.1514015198,-105.262001038
medium_airport,Val-d'Or Airport,YVO,CA,Val-d'Or,48.0532989502,-77.7827987671
medium_airport,Kuujjuaq Airport,YVP,CA,Kuujjuaq,58.096099853515625,-68.4269027709961
medium_airport,Norman Wells Airport,YVQ,CA,Norman Wells,65.28160095214844,-126.7979965209961
large_airport,Vancouver International Airport,YVR,CA,Vancouver,49.193901,-123.183998
medium_airport,Wiarton Airport,YVV,CA,Wiarton,44.7458,-81.107201
large_airport,Winnipeg / James Armstrong Richardson International Airport,YWG,CA,Winnipeg,49.9099998474,-97.2398986816
medium_airport,Wabush Airport,YWK,CA,Wabush,52.92190170288086,-66.8644027709961
medium_airport,Williams Lake Airport,YWL,CA,Williams Lake,52.1831016541,-122.054000854
medium_airport,Cranbrook/Canadian Rockies International Airport,YXC,CA,Cranbrook,49.610802,-115.781998
large_airport,Saskatoon John G. Diefenbaker International Airport,YXE,CA,Saskatoon,52.170723,-106.700793
medium_airport,Medicine Hat Regional Airport,YXH,CA,Medicine Hat,50.018902,-110.721001
medium_airport,Fort St John / North Peace Regional Airport,YXJ,CA,Fort Saint John,56.238098,-120.739998
medium_airport,Rimouski Airport,YXK,CA,Rimouski,48.477644,-68.496323
medium_airport,Sioux Lookout Airport,YXL,CA,Sioux Lookout,50.11389923095703,-91.9052963256836
medium_airport,Prince George (International) Airport,YXS,CA,Prince George,53.884311,-122.666554
medium_airport,Northwest Regional Airport Terrace-Kitimat,YXT,CA,Terrace,54.468498,-128.576009
medium_airport,London International Airport,YXU,CA,London,43.032845,-81.149003
medium_airport,Abbotsford International Airport,YXX,CA,Abbotsford,49.025299,-122.361
medium_airport,Whitehorse / Erik Nielsen International Airport,YXY,CA,Whitehorse,60.708533,-135.065705
medium_airport,Yueyang Sanhe Airport,YYA,CN,Yueyang (Yueyanglou),29.311699,113.281574
medium_airport,North Bay Jack Garland Airport,YYB,CA,North Bay,46.363602,-79.422798
large_airport,Calgary International Airport,YYC,CA,Calgary,51.118822,-114.009933
medium_airport,Smithers Airport,YYD,CA,Smithers,54.82469940185547,-127.18299865722656
medium_airport,Fort Nelson Airport,YYE,CA,Fort Nelson,58.8363990784,-122.597000122
medium_airport,Penticton Airport,YYF,CA,Penticton,49.46310043334961,-119.60199737548828
medium_airport,Charlottetown Airport,YYG,CA,Charlottetown,46.288911,-63.125174
large_airport,Victoria International Airport,YYJ,CA,Victoria,48.647201,-123.427792
medium_airport,Lynn Lake Airport,YYL,CA,Lynn Lake,56.86389923095703,-101.07599639892578
medium_airport,Churchill Airport,YYQ,CA,Churchill,58.739200592041016,-94.06500244140624
medium_airport,Goose Bay Airport,YYR,CA,Goose Bay,53.3191986084,-60.4258003235
large_airport,St. John's International Airport,YYT,CA,St. John's,47.618599,-52.7519
medium_airport,Mont Joli Airport,YYY,CA,Mont-Joli,48.60860061645508,-68.20809936523438
large_airport,Toronto Pearson International Airport,YYZ,CA,Toronto,43.675935,-79.629421
medium_airport,Yellowknife International Airport,YZF,CA,Yellowknife,62.462799,-114.440002
medium_airport,Sandspit Airport,YZP,CA,Sandspit,53.25429916379999,-131.813995361
medium_airport,Coral Harbour Airport,YZS,CA,Coral Harbour,64.1932983398,-83.3593978882
medium_airport,Port Hardy Airport,YZT,CA,Port Hardy,50.68059921264648,-127.36699676513672
medium_airport,Whitecourt Airport,YZU,CA,Whitecourt,54.143902,-115.787003
medium_airport,Sept-Îles Airport,YZV,CA,Sept-Îles,50.22330093383789,-66.2656021118164
medium_airport,Zhangye Ganzhou Airport,YZY,CN,Zhangye (Ganzhou),38.801899,100.675003
large_airport,Zadar Airport,ZAD,HR,Zadar,44.096986,15.353565
large_airport,Zagreb Franjo Tuđman International Airport,ZAG,HR,Velika Gorica,45.742901,16.0688
large_airport,Zahedan International Airport,ZAH,IR,Zahedan,29.4757,60.9062
medium_airport,Pichoy Airport,ZAL,CL,Valdivia,-39.6500015259,-73.0860977173
large_airport,Zamboanga International Airport,ZAM,PH,Zamboanga,6.92242,122.059998
large_airport,Zaragoza Airport,ZAZ,ES,Zaragoza,41.666199,-1.04155
medium_airport,Bathurst Airport,ZBF,CA,South Tetagouche,47.6297,-65.738899
medium_airport,Chabahar Konarak International Airport,ZBR,IR,Konarak,25.44319,60.382167
medium_airport,General Leobardo C. Ruiz International Airport,ZCL,MX,Zacatecas,22.894942,-102.687154
large_airport,La Araucanía International Airport,ZCO,CL,Temuco,-38.9259,-72.6515
medium_airport,Bella Bella (Campbell Island) Airport,ZEL,CA,Bella Bella,52.185001,-128.156994
large_airport,Zhanjiang Wuchuan International Airport,ZHA,CN,Zhanjiang,21.481667,110.590278
medium_airport,Zhongwei Shapotou Airport,ZHY,CN,Zhongwei (Shapotou),37.573125,105.154454
large_airport,Zhukovsky International Airport,ZIA,RU,Moscow,55.553299,38.150002
medium_airport,Ziguinchor Airport,ZIG,SN,Ziguinchor,12.55559,-16.283298
large_airport,Ixtapa-Zihuatanejo International Airport,ZIH,MX,Ixtapa,17.601771,-101.460629
medium_airport,Zhigansk Airport,ZIX,RU,Zhigansk,66.7965011597,123.361000061
medium_airport,Zyryanka Airport,ZKP,RU,Zyryanka,65.7485,150.8889
medium_airport,Playa de Oro International Airport,ZLO,MX,Manzanillo,19.1448,-104.558998
medium_airport,Masset Airport,ZMT,CA,Masset,54.0275,-132.125
medium_airport,Zinder Airport,ZND,NE,Zinder,13.779000282287598,8.983759880065918
medium_airport,Newman Airport,ZNE,AU,Newman,-23.4178009033,119.803001404
large_airport,Abeid Amani Karume International Airport,ZNZ,TZ,Zanzibar,-6.22202,39.224899
medium_airport,Cañal Bajo Carlos Hott Siebert Airport,ZOS,CL,Osorno,-40.611198,-73.060997
large_airport,Queenstown Airport,ZQN,NZ,Queenstown,-45.019205,168.746379
medium_airport,Zhangjiakou Ningyuan Airport,ZQZ,CN,Zhangjiakou,40.738664,114.933395
large_airport,Zürich Airport,ZRH,CH,Zurich,47.458056,8.548056
large_airport,San Salvador International Airport,ZSA,BS,San Salvador,24.063041,-74.523233
large_airport,Saint-Pierre Pierrefonds Airport,ZSE,RE,Saint-Pierre,-21.319362,55.422506
medium_airport,Sandy Lake Airport,ZSJ,CA,Sandy Lake,53.06420135498047,-93.34439849853516
medium_airport,Zakynthos International Airport Dionysios Solomos,ZTH,GR,Zakynthos,37.7509,20.8843
large_airport,Zhuhai Jinwan Airport,ZUH,CN,Zhuhai (Jinwan),22.006399,113.375999
medium_airport,Zunyi Xinzhou Airport,ZYI,CN,Zunyi,27.810723,107.247189
large_airport,Osmany International Airport,ZYL,BD,Sylhet,24.963993,91.864749
